date,national_diesel_price,East Coast,Midwest,Gulf Coast,Rocky Mountain,West Coast,diesel_change_1_week,diesel_change_4_weeks,wti_spot_price,brent_spot_price,wti_change_5d,wti_change_20d,wti_volatility_20d,brent_wti_spread
2025-01-01,3.503,3.587,3.469,3.196,3.37,4.11,0.027000000000000135,-0.03699999999999992,72.44,74.58,2.9399999999999977,4.090000000000003,0.01248279504893618,2.1400000000000006
2025-01-02,3.503,3.587,3.469,3.196,3.37,4.11,0.027000000000000135,-0.03699999999999992,73.79,76.14,2.9200000000000017,3.6400000000000006,0.011826223527820411,2.3499999999999943
2025-01-03,3.503,3.587,3.469,3.196,3.37,4.11,0.027000000000000135,-0.03699999999999992,74.64,76.72,4.260000000000005,5.829999999999998,0.010807178238124913,2.0799999999999983
2025-01-04,3.503,3.587,3.469,3.196,3.37,4.11,0.027000000000000135,-0.03699999999999992,74.64,76.72,4.260000000000005,5.829999999999998,0.010807178238124913,2.0799999999999983
2025-01-05,3.503,3.587,3.469,3.196,3.37,4.11,0.027000000000000135,-0.03699999999999992,74.64,76.72,4.260000000000005,5.829999999999998,0.010807178238124913,2.0799999999999983
2025-01-06,3.561,3.634,3.53,3.269,3.43,4.147,0.05799999999999983,0.10299999999999976,74.31,77.27,3.030000000000001,5.730000000000004,0.010849042645647159,2.9599999999999937
2025-01-07,3.561,3.634,3.53,3.269,3.43,4.147,0.05799999999999983,0.10299999999999976,74.99,77.84,3.259999999999991,6.409999999999997,0.01086105925471932,2.8500000000000085
2025-01-08,3.561,3.634,3.53,3.269,3.43,4.147,0.05799999999999983,0.10299999999999976,73.99,77.37,1.5499999999999972,5.339999999999989,0.011557473534882704,3.3800000000000097
2025-01-09,3.561,3.634,3.53,3.269,3.43,4.147,0.05799999999999983,0.10299999999999976,73.99,78.44,0.19999999999998863,5.140000000000001,0.01158776321193964,4.450000000000003
2025-01-10,3.561,3.634,3.53,3.269,3.43,4.147,0.05799999999999983,0.10299999999999976,77.27,79.76,2.6299999999999955,6.700000000000003,0.014014280009380127,2.490000000000009
2025-01-11,3.561,3.634,3.53,3.269,3.43,4.147,0.05799999999999983,0.10299999999999976,77.27,79.76,2.6299999999999955,6.700000000000003,0.014014280009380127,2.490000000000009
2025-01-12,3.561,3.634,3.53,3.269,3.43,4.147,0.05799999999999983,0.10299999999999976,77.27,79.76,2.6299999999999955,6.700000000000003,0.014014280009380127,2.490000000000009
2025-01-13,3.602,3.718,3.532,3.321,3.399,4.213,0.040999999999999925,0.10799999999999965,79.57,82.69,5.259999999999991,9.319999999999993,0.01490335666291424,3.1200000000000045
2025-01-14,3.602,3.718,3.532,3.321,3.399,4.213,0.040999999999999925,0.10799999999999965,78.2,82.39,3.210000000000008,6.659999999999997,0.015505645749643427,4.189999999999998
2025-01-15,3.602,3.718,3.532,3.321,3.399,4.213,0.040999999999999925,0.10799999999999965,80.73,83.48,6.740000000000009,9.700000000000003,0.01642350927724908,2.75
2025-01-16,3.602,3.718,3.532,3.321,3.399,4.213,0.040999999999999925,0.10799999999999965,79.35,82.39,5.359999999999999,9.039999999999992,0.016863294427074075,3.0400000000000063
2025-01-17,3.602,3.718,3.532,3.321,3.399,4.213,0.040999999999999925,0.10799999999999965,78.56,83.02,1.2900000000000063,7.760000000000005,0.01724303968765721,4.459999999999994
2025-01-18,3.602,3.718,3.532,3.321,3.399,4.213,0.040999999999999925,0.10799999999999965,78.56,83.02,1.2900000000000063,7.760000000000005,0.01724303968765721,4.459999999999994
2025-01-19,3.602,3.718,3.532,3.321,3.399,4.213,0.040999999999999925,0.10799999999999965,78.56,83.02,1.2900000000000063,7.760000000000005,0.01724303968765721,4.459999999999994
2025-01-20,3.715,3.82,3.648,3.455,3.485,4.302,0.11299999999999999,0.23899999999999988,78.56,81.68,-1.009999999999991,8.460000000000008,0.01692184751440535,3.1200000000000045
2025-01-21,3.715,3.82,3.648,3.455,3.485,4.302,0.11299999999999999,0.23899999999999988,76.79,80.57,-1.4099999999999966,7.0800000000000125,0.017919914254181577,3.779999999999987
2025-01-22,3.715,3.82,3.648,3.455,3.485,4.302,0.11299999999999999,0.23899999999999988,76.12,80.0,-4.609999999999999,6.6200000000000045,0.01809897010016082,3.8799999999999955
2025-01-23,3.715,3.82,3.648,3.455,3.485,4.302,0.11299999999999999,0.23899999999999988,75.03,78.62,-4.319999999999993,4.159999999999997,0.018214044410819093,3.5900000000000034
2025-01-24,3.715,3.82,3.648,3.455,3.485,4.302,0.11299999999999999,0.23899999999999988,74.97,78.71,-3.5900000000000034,4.590000000000003,0.01808955629559762,3.739999999999995
2025-01-25,3.715,3.82,3.648,3.455,3.485,4.302,0.11299999999999999,0.23899999999999988,74.97,78.71,-3.5900000000000034,4.590000000000003,0.01808955629559762,3.739999999999995
2025-01-26,3.715,3.82,3.648,3.455,3.485,4.302,0.11299999999999999,0.23899999999999988,74.97,78.71,-3.5900000000000034,4.590000000000003,0.01808955629559762,3.739999999999995
2025-01-27,3.659,3.805,3.568,3.378,3.431,4.274,-0.05600000000000005,0.1559999999999997,73.51,77.3,-5.049999999999997,2.230000000000004,0.018631005278246487,3.789999999999992
2025-01-28,3.659,3.805,3.568,3.378,3.431,4.274,-0.05600000000000005,0.1559999999999997,74.15,78.01,-2.6400000000000006,2.4200000000000017,0.018669805775209252,3.8599999999999994
2025-01-29,3.659,3.805,3.568,3.378,3.431,4.274,-0.05600000000000005,0.1559999999999997,72.94,77.02,-3.180000000000007,0.5,0.018990679608487014,4.079999999999998
2025-01-30,3.659,3.805,3.568,3.378,3.431,4.274,-0.05600000000000005,0.1559999999999997,73.1,77.42,-1.9300000000000068,-0.6900000000000119,0.018514785380600782,4.320000000000007
2025-01-31,3.659,3.805,3.568,3.378,3.431,4.274,-0.05600000000000005,0.1559999999999997,72.84,77.11,-2.1299999999999955,-1.7999999999999972,0.018313696023656977,4.269999999999996
2025-02-01,3.659,3.805,3.568,3.378,3.431,4.274,-0.05600000000000005,0.1559999999999997,72.84,77.11,-2.1299999999999955,-1.7999999999999972,0.018313696023656977,4.269999999999996
2025-02-02,3.659,3.805,3.568,3.378,3.431,4.274,-0.05600000000000005,0.1559999999999997,72.84,77.11,-2.1299999999999955,-1.7999999999999972,0.018313696023656977,4.269999999999996
2025-02-03,3.66,3.778,3.568,3.395,3.471,4.289,0.001000000000000334,0.0990000000000002,73.52,76.49,0.009999999999990905,-0.7900000000000063,0.018438819353412197,2.969999999999999
2025-02-04,3.66,3.778,3.568,3.395,3.471,4.289,0.001000000000000334,0.0990000000000002,73.04,76.58,-1.1099999999999994,-1.9499999999999886,0.01834559955683064,3.539999999999992
2025-02-05,3.66,3.778,3.568,3.395,3.471,4.289,0.001000000000000334,0.0990000000000002,71.39,74.71,-1.5499999999999972,-2.5999999999999943,0.018780491105025984,3.319999999999993
2025-02-06,3.66,3.778,3.568,3.395,3.471,4.289,0.001000000000000334,0.0990000000000002,70.97,74.54,-2.1299999999999955,-3.019999999999996,0.018799823833810632,3.5700000000000074
2025-02-07,3.66,3.778,3.568,3.395,3.471,4.289,0.001000000000000334,0.0990000000000002,71.32,74.68,-1.5200000000000102,-5.950000000000003,0.015467845697456612,3.3600000000000136
2025-02-08,3.66,3.778,3.568,3.395,3.471,4.289,0.001000000000000334,0.0990000000000002,71.32,74.68,-1.5200000000000102,-5.950000000000003,0.015467845697456612,3.3600000000000136
2025-02-09,3.66,3.778,3.568,3.395,3.471,4.289,0.001000000000000334,0.0990000000000002,71.32,74.68,-1.5200000000000102,-5.950000000000003,0.015467845697456612,3.3600000000000136
2025-02-10,3.665,3.761,3.582,3.393,3.528,4.307,0.004999999999999893,0.06300000000000017,72.73,76.23,-0.789999999999992,-6.839999999999989,0.014451397096932201,3.5
2025-02-11,3.665,3.761,3.582,3.393,3.528,4.307,0.004999999999999893,0.06300000000000017,73.67,77.65,0.6299999999999955,-4.530000000000001,0.014613521013841668,3.980000000000004
2025-02-12,3.665,3.761,3.582,3.393,3.528,4.307,0.004999999999999893,0.06300000000000017,71.72,75.38,0.3299999999999983,-9.010000000000005,0.012977438278586438,3.6599999999999966
2025-02-13,3.665,3.761,3.582,3.393,3.528,4.307,0.004999999999999893,0.06300000000000017,71.66,75.61,0.6899999999999977,-7.689999999999998,0.01274105360444346,3.950000000000003
2025-02-14,3.665,3.761,3.582,3.393,3.528,4.307,0.004999999999999893,0.06300000000000017,71.05,75.19,-0.269999999999996,-7.510000000000005,0.01271560347654083,4.140000000000001
2025-02-15,3.665,3.761,3.582,3.393,3.528,4.307,0.004999999999999893,0.06300000000000017,71.05,75.19,-0.269999999999996,-7.510000000000005,0.01271560347654083,4.140000000000001
2025-02-16,3.665,3.761,3.582,3.393,3.528,4.307,0.004999999999999893,0.06300000000000017,71.05,75.19,-0.269999999999996,-7.510000000000005,0.01271560347654083,4.140000000000001
2025-02-17,3.677,3.791,3.602,3.382,3.51,4.316,0.01200000000000001,-0.03799999999999981,71.05,75.81,-1.6800000000000068,-7.510000000000005,0.01271560347654083,4.760000000000005
2025-02-18,3.677,3.791,3.602,3.382,3.51,4.316,0.01200000000000001,-0.03799999999999981,72.21,76.46,-1.460000000000008,-4.5800000000000125,0.012853294153943302,4.25
2025-02-19,3.677,3.791,3.602,3.382,3.51,4.316,0.01200000000000001,-0.03799999999999981,72.58,76.34,0.8599999999999994,-3.5400000000000063,0.012901096959741475,3.760000000000005
2025-02-20,3.677,3.791,3.602,3.382,3.51,4.316,0.01200000000000001,-0.03799999999999981,72.88,76.95,1.2199999999999989,-2.1500000000000057,0.012653646226200929,4.070000000000007
2025-02-21,3.677,3.791,3.602,3.382,3.51,4.316,0.01200000000000001,-0.03799999999999981,70.72,74.88,-0.3299999999999983,-4.25,0.01414023902629129,4.159999999999997
2025-02-22,3.677,3.791,3.602,3.382,3.51,4.316,0.01200000000000001,-0.03799999999999981,70.72,74.88,-0.3299999999999983,-4.25,0.01414023902629129,4.159999999999997
2025-02-23,3.677,3.791,3.602,3.382,3.51,4.316,0.01200000000000001,-0.03799999999999981,70.72,74.88,-0.3299999999999983,-4.25,0.01414023902629129,4.159999999999997
2025-02-24,3.697,3.795,3.615,3.42,3.495,4.358,0.020000000000000018,0.038000000000000256,71.06,74.89,0.010000000000005116,-2.450000000000003,0.013669442544145314,3.8299999999999983
2025-02-25,3.697,3.795,3.615,3.42,3.495,4.358,0.020000000000000018,0.038000000000000256,69.15,73.11,-3.059999999999988,-5.0,0.014544688711335558,3.9599999999999937
2025-02-26,3.697,3.795,3.615,3.42,3.495,4.358,0.020000000000000018,0.038000000000000256,68.87,73.49,-3.7099999999999937,-4.069999999999993,0.014225651344488456,4.61999999999999
2025-02-27,3.697,3.795,3.615,3.42,3.495,4.358,0.020000000000000018,0.038000000000000256,70.62,75.01,-2.259999999999991,-2.4799999999999898,0.015538646087179322,4.390000000000001
2025-02-28,3.697,3.795,3.615,3.42,3.495,4.358,0.020000000000000018,0.038000000000000256,69.97,74.76,-0.75,-2.8700000000000045,0.015626966495601868,4.790000000000006
2025-03-01,3.697,3.795,3.615,3.42,3.495,4.358,0.020000000000000018,0.038000000000000256,69.97,74.76,-0.75,-2.8700000000000045,0.015626966495601868,4.790000000000006
2025-03-02,3.697,3.795,3.615,3.42,3.495,4.358,0.020000000000000018,0.038000000000000256,69.97,74.76,-0.75,-2.8700000000000045,0.015626966495601868,4.790000000000006
2025-03-03,3.635,3.742,3.551,3.343,3.478,4.303,-0.06200000000000028,-0.025000000000000355,68.63,72.85,-2.430000000000007,-4.890000000000001,0.015846500345261357,4.219999999999999
2025-03-04,3.635,3.742,3.551,3.343,3.478,4.303,-0.06200000000000028,-0.025000000000000355,68.47,72.31,-0.6800000000000068,-4.570000000000007,0.01582949201893174,3.8400000000000034
2025-03-05,3.635,3.742,3.551,3.343,3.478,4.303,-0.06200000000000028,-0.025000000000000355,66.58,70.92,-2.2900000000000063,-4.810000000000002,0.016189840509940937,4.340000000000003
2025-03-06,3.635,3.742,3.551,3.343,3.478,4.303,-0.06200000000000028,-0.025000000000000355,66.62,71.08,-4.0,-4.349999999999994,0.01620149624479891,4.459999999999994
2025-03-07,3.635,3.742,3.551,3.343,3.478,4.303,-0.06200000000000028,-0.025000000000000355,67.29,72.49,-2.6799999999999926,-4.029999999999987,0.016373716729737996,5.199999999999989
2025-03-08,3.635,3.742,3.551,3.343,3.478,4.303,-0.06200000000000028,-0.025000000000000355,67.29,72.49,-2.6799999999999926,-4.029999999999987,0.016373716729737996,5.199999999999989
2025-03-09,3.635,3.742,3.551,3.343,3.478,4.303,-0.06200000000000028,-0.025000000000000355,67.29,72.49,-2.6799999999999926,-4.029999999999987,0.016373716729737996,5.199999999999989
2025-03-10,3.582,3.699,3.497,3.284,3.414,4.25,-0.052999999999999936,-0.08300000000000018,66.31,71.08,-2.319999999999993,-6.420000000000002,0.015670222701185166,4.769999999999996
2025-03-11,3.582,3.699,3.497,3.284,3.414,4.25,-0.052999999999999936,-0.08300000000000018,66.52,71.51,-1.9500000000000028,-7.150000000000006,0.015245555393639379,4.990000000000009
2025-03-12,3.582,3.699,3.497,3.284,3.414,4.25,-0.052999999999999936,-0.08300000000000018,67.65,72.36,1.0700000000000074,-4.069999999999993,0.015117971669856251,4.709999999999994
2025-03-13,3.582,3.699,3.497,3.284,3.414,4.25,-0.052999999999999936,-0.08300000000000018,66.82,70.82,0.19999999999998863,-4.840000000000003,0.015255032229890586,4.0
2025-03-14,3.582,3.699,3.497,3.284,3.414,4.25,-0.052999999999999936,-0.08300000000000018,67.43,71.94,0.14000000000000057,-3.6199999999999903,0.015451372963163667,4.509999999999991
2025-03-15,3.582,3.699,3.497,3.284,3.414,4.25,-0.052999999999999936,-0.08300000000000018,67.43,71.94,0.14000000000000057,-3.6199999999999903,0.015451372963163667,4.509999999999991
2025-03-16,3.582,3.699,3.497,3.284,3.414,4.25,-0.052999999999999936,-0.08300000000000018,67.43,71.94,0.14000000000000057,-3.6199999999999903,0.015451372963163667,4.509999999999991
2025-03-17,3.549,3.679,3.463,3.245,3.376,4.203,-0.03299999999999992,-0.1280000000000001,67.84,71.93,1.5300000000000011,-3.2099999999999937,0.015562513756222538,4.090000000000003
2025-03-18,3.549,3.679,3.463,3.245,3.376,4.203,-0.03299999999999992,-0.1280000000000001,67.49,71.93,0.9699999999999989,-4.719999999999999,0.014946179327530012,4.440000000000012
2025-03-19,3.549,3.679,3.463,3.245,3.376,4.203,-0.03299999999999992,-0.1280000000000001,67.4,71.94,-0.25,-5.179999999999993,0.014824616143597156,4.539999999999992
2025-03-20,3.549,3.679,3.463,3.245,3.376,4.203,-0.03299999999999992,-0.1280000000000001,68.55,72.61,1.730000000000004,-4.329999999999998,0.015447936701612252,4.060000000000002
2025-03-21,3.549,3.679,3.463,3.245,3.376,4.203,-0.03299999999999992,-0.1280000000000001,68.52,72.64,1.0899999999999892,-2.200000000000003,0.014114619450395983,4.1200000000000045
2025-03-22,3.549,3.679,3.463,3.245,3.376,4.203,-0.03299999999999992,-0.1280000000000001,68.52,72.64,1.0899999999999892,-2.200000000000003,0.014114619450395983,4.1200000000000045
2025-03-23,3.549,3.679,3.463,3.245,3.376,4.203,-0.03299999999999992,-0.1280000000000001,68.52,72.64,1.0899999999999892,-2.200000000000003,0.014114619450395983,4.1200000000000045
2025-03-24,3.567,3.675,3.491,3.265,3.415,4.229,0.018000000000000238,-0.1299999999999999,69.46,73.96,1.6199999999999903,-1.6000000000000085,0.01446009142270595,4.5
2025-03-25,3.567,3.675,3.491,3.265,3.415,4.229,0.018000000000000238,-0.1299999999999999,69.48,73.78,1.990000000000009,0.3299999999999983,0.013118746556760213,4.299999999999997
2025-03-26,3.567,3.675,3.491,3.265,3.415,4.229,0.018000000000000238,-0.1299999999999999,70.05,74.6,2.6499999999999915,1.1799999999999926,0.013189885967177347,4.549999999999997
2025-03-27,3.567,3.675,3.491,3.265,3.415,4.229,0.018000000000000238,-0.1299999999999999,70.3,74.72,1.75,-0.3200000000000074,0.011897439615894918,4.420000000000002
2025-03-28,3.567,3.675,3.491,3.265,3.415,4.229,0.018000000000000238,-0.1299999999999999,69.74,74.69,1.2199999999999989,-0.23000000000000398,0.011851023669769995,4.950000000000003
2025-03-29,3.567,3.675,3.491,3.265,3.415,4.229,0.018000000000000238,-0.1299999999999999,69.74,74.69,1.2199999999999989,-0.23000000000000398,0.011851023669769995,4.950000000000003
2025-03-30,3.567,3.675,3.491,3.265,3.415,4.229,0.018000000000000238,-0.1299999999999999,69.74,74.69,1.2199999999999989,-0.23000000000000398,0.011851023669769995,4.950000000000003
2025-03-31,3.592,3.695,3.519,3.282,3.472,4.259,0.02499999999999991,-0.042999999999999705,71.87,77.23,2.410000000000011,3.240000000000009,0.012816043658419889,5.359999999999999
2025-04-01,3.592,3.695,3.519,3.282,3.472,4.259,0.02499999999999991,-0.042999999999999705,71.61,77.78,2.1299999999999955,3.1400000000000006,0.012844165077365032,6.170000000000002
2025-04-02,3.592,3.695,3.519,3.282,3.472,4.259,0.02499999999999991,-0.042999999999999705,72.12,77.27,2.0700000000000074,5.540000000000006,0.010764582358176967,5.1499999999999915
2025-04-03,3.592,3.695,3.519,3.282,3.472,4.259,0.02499999999999991,-0.042999999999999705,67.43,72.54,-2.8699999999999903,0.8100000000000023,0.018845182647830815,5.109999999999999
2025-04-04,3.592,3.695,3.519,3.282,3.472,4.259,0.02499999999999991,-0.042999999999999705,62.42,68.36,-7.319999999999993,-4.8700000000000045,0.02507072239993803,5.939999999999998
2025-04-05,3.592,3.695,3.519,3.282,3.472,4.259,0.02499999999999991,-0.042999999999999705,62.42,68.36,-7.319999999999993,-4.8700000000000045,0.02507072239993803,5.939999999999998
2025-04-06,3.592,3.695,3.519,3.282,3.472,4.259,0.02499999999999991,-0.042999999999999705,62.42,68.36,-7.319999999999993,-4.8700000000000045,0.02507072239993803,5.939999999999998
2025-04-07,3.639,3.713,3.579,3.338,3.499,4.318,0.04699999999999971,0.05699999999999994,61.05,66.13,-10.820000000000007,-5.260000000000005,0.025296514738339416,5.079999999999998
2025-04-08,3.639,3.713,3.579,3.338,3.499,4.318,0.04699999999999971,0.05699999999999994,60.04,64.86,-11.57,-6.479999999999997,0.0253941795071779,4.82
2025-04-09,3.639,3.713,3.579,3.338,3.499,4.318,0.04699999999999971,0.05699999999999994,62.63,67.3,-9.490000000000002,-5.020000000000003,0.027184872227882788,4.669999999999995
2025-04-10,3.639,3.713,3.579,3.338,3.499,4.318,0.04699999999999971,0.05699999999999994,60.57,65.37,-6.8600000000000065,-6.249999999999993,0.027916741798642456,4.800000000000004
2025-04-11,3.639,3.713,3.579,3.338,3.499,4.318,0.04699999999999971,0.05699999999999994,61.91,66.83,-0.5100000000000051,-5.52000000000001,0.02839813942630245,4.920000000000002
2025-04-12,3.639,3.713,3.579,3.338,3.499,4.318,0.04699999999999971,0.05699999999999994,61.91,66.83,-0.5100000000000051,-5.52000000000001,0.02839813942630245,4.920000000000002
2025-04-13,3.639,3.713,3.579,3.338,3.499,4.318,0.04699999999999971,0.05699999999999994,61.91,66.83,-0.5100000000000051,-5.52000000000001,0.02839813942630245,4.920000000000002
2025-04-14,3.579,3.66,3.51,3.267,3.48,4.281,-0.05999999999999961,0.03000000000000025,61.99,67.18,0.9400000000000048,-5.850000000000001,0.02832994836197257,5.190000000000005
2025-04-15,3.579,3.66,3.51,3.267,3.48,4.281,-0.05999999999999961,0.03000000000000025,61.74,66.58,1.7000000000000028,-5.749999999999993,0.02832886908623179,4.839999999999996
2025-04-16,3.579,3.66,3.51,3.267,3.48,4.281,-0.05999999999999961,0.03000000000000025,62.88,67.94,0.25,-4.520000000000003,0.028771313981541546,5.059999999999995
2025-04-17,3.579,3.66,3.51,3.267,3.48,4.281,-0.05999999999999961,0.03000000000000025,65.07,69.33,4.499999999999993,-3.480000000000004,0.02968509284988743,4.260000000000005
2025-04-18,3.579,3.66,3.51,3.267,3.48,4.281,-0.05999999999999961,0.03000000000000025,65.07,69.33,4.499999999999993,-3.480000000000004,0.02968509284988743,4.260000000000005
2025-04-19,3.579,3.66,3.51,3.267,3.48,4.281,-0.05999999999999961,0.03000000000000025,65.07,69.33,4.499999999999993,-3.480000000000004,0.02968509284988743,4.260000000000005
2025-04-20,3.579,3.66,3.51,3.267,3.48,4.281,-0.05999999999999961,0.03000000000000025,65.07,69.33,4.499999999999993,-3.480000000000004,0.02968509284988743,4.260000000000005
2025-04-21,3.534,3.614,3.475,3.195,3.477,4.25,-0.04500000000000037,-0.03300000000000036,63.48,69.33,1.5700000000000003,-5.039999999999999,0.03009340497411275,5.850000000000001
2025-04-22,3.534,3.614,3.475,3.195,3.477,4.25,-0.04500000000000037,-0.03300000000000036,64.6,68.93,2.6099999999999923,-4.859999999999999,0.030223245613914006,4.3300000000000125
2025-04-23,3.534,3.614,3.475,3.195,3.477,4.25,-0.04500000000000037,-0.03300000000000036,62.64,68.26,0.8999999999999986,-6.840000000000003,0.030808714720298856,5.6200000000000045
2025-04-24,3.534,3.614,3.475,3.195,3.477,4.25,-0.04500000000000037,-0.03300000000000036,63.55,67.5,0.6699999999999946,-6.5,0.030980182394999608,3.950000000000003
2025-04-25,3.534,3.614,3.475,3.195,3.477,4.25,-0.04500000000000037,-0.03300000000000036,63.85,66.99,-1.2199999999999918,-6.449999999999996,0.030996827827972084,3.1399999999999935
2025-04-26,3.534,3.614,3.475,3.195,3.477,4.25,-0.04500000000000037,-0.03300000000000036,63.85,66.99,-1.2199999999999918,-6.449999999999996,0.030996827827972084,3.1399999999999935
2025-04-27,3.534,3.614,3.475,3.195,3.477,4.25,-0.04500000000000037,-0.03300000000000036,63.85,66.99,-1.2199999999999918,-6.449999999999996,0.030996827827972084,3.1399999999999935
2025-04-28,3.514,3.585,3.456,3.183,3.47,4.224,-0.020000000000000018,-0.07800000000000029,63.3,66.13,-0.17999999999999972,-6.439999999999998,0.031001161508634797,2.8299999999999983
2025-04-29,3.514,3.585,3.456,3.183,3.47,4.224,-0.020000000000000018,-0.07800000000000029,61.84,64.04,-2.759999999999991,-10.030000000000001,0.030129183806129722,2.200000000000003
2025-04-30,3.514,3.585,3.456,3.183,3.47,4.224,-0.020000000000000018,-0.07800000000000029,59.55,63.37,-3.0900000000000034,-12.060000000000002,0.030846806077147928,3.8200000000000003
2025-05-01,3.514,3.585,3.456,3.183,3.47,4.224,-0.020000000000000018,-0.07800000000000029,60.59,62.37,-2.9599999999999937,-11.530000000000001,0.031210877633929043,1.779999999999994
2025-05-02,3.514,3.585,3.456,3.183,3.47,4.224,-0.020000000000000018,-0.07800000000000029,59.67,61.57,-4.18,-7.760000000000005,0.028287289639587907,1.8999999999999986
2025-05-03,3.514,3.585,3.456,3.183,3.47,4.224,-0.020000000000000018,-0.07800000000000029,59.67,61.57,-4.18,-7.760000000000005,0.028287289639587907,1.8999999999999986
2025-05-04,3.514,3.585,3.456,3.183,3.47,4.224,-0.020000000000000018,-0.07800000000000029,59.67,61.57,-4.18,-7.760000000000005,0.028287289639587907,1.8999999999999986
2025-05-05,3.497,3.567,3.432,3.174,3.46,4.204,-0.016999999999999904,-0.1419999999999999,58.5,61.57,-4.799999999999997,-3.9200000000000017,0.023555374226880237,3.0700000000000003
2025-05-06,3.497,3.567,3.432,3.174,3.46,4.204,-0.016999999999999904,-0.1419999999999999,60.42,62.37,-1.4200000000000017,-0.6299999999999955,0.02440186985117373,1.9499999999999957
2025-05-07,3.497,3.567,3.432,3.174,3.46,4.204,-0.016999999999999904,-0.1419999999999999,59.42,60.31,-0.12999999999999545,-0.6199999999999974,0.024402115918673712,0.8900000000000006
2025-05-08,3.497,3.567,3.432,3.174,3.46,4.204,-0.016999999999999904,-0.1419999999999999,61.25,62.22,0.6599999999999966,-1.3800000000000026,0.023382371359678786,0.9699999999999989
2025-05-09,3.497,3.567,3.432,3.174,3.46,4.204,-0.016999999999999904,-0.1419999999999999,62.37,64.26,2.6999999999999957,1.7999999999999972,0.022474415917891198,1.8900000000000077
2025-05-10,3.497,3.567,3.432,3.174,3.46,4.204,-0.016999999999999904,-0.1419999999999999,62.37,64.26,2.6999999999999957,1.7999999999999972,0.022474415917891198,1.8900000000000077
2025-05-11,3.497,3.567,3.432,3.174,3.46,4.204,-0.016999999999999904,-0.1419999999999999,62.37,64.26,2.6999999999999957,1.7999999999999972,0.022474415917891198,1.8900000000000077
2025-05-12,3.476,3.534,3.416,3.143,3.463,4.211,-0.020999999999999908,-0.1030000000000002,63.32,65.28,4.82,1.4100000000000037,0.02219600226566677,1.9600000000000009
2025-05-13,3.476,3.534,3.416,3.143,3.463,4.211,-0.020999999999999908,-0.1030000000000002,65.04,66.93,4.6200000000000045,3.0500000000000043,0.022933431848916063,1.8900000000000006
2025-05-14,3.476,3.534,3.416,3.143,3.463,4.211,-0.020999999999999908,-0.1030000000000002,64.48,65.91,5.060000000000002,2.740000000000002,0.023026328249124192,1.4299999999999926
2025-05-15,3.476,3.534,3.416,3.143,3.463,4.211,-0.020999999999999908,-0.1030000000000002,63.03,64.36,1.7800000000000011,0.14999999999999858,0.023343634381713566,1.3299999999999983
2025-05-16,3.476,3.534,3.416,3.143,3.463,4.211,-0.020999999999999908,-0.1030000000000002,63.84,65.2,1.470000000000006,-1.2299999999999898,0.02212188891377644,1.3599999999999994
2025-05-17,3.476,3.534,3.416,3.143,3.463,4.211,-0.020999999999999908,-0.1030000000000002,63.84,65.2,1.470000000000006,-1.2299999999999898,0.02212188891377644,1.3599999999999994
2025-05-18,3.476,3.534,3.416,3.143,3.463,4.211,-0.020999999999999908,-0.1030000000000002,63.84,65.2,1.470000000000006,-1.2299999999999898,0.02212188891377644,1.3599999999999994
2025-05-19,3.536,3.58,3.481,3.201,3.512,4.296,0.06000000000000005,0.002000000000000224,63.98,66.25,0.6599999999999966,0.5,0.021409361895006408,2.270000000000003
2025-05-20,3.536,3.58,3.481,3.201,3.512,4.296,0.06000000000000005,0.002000000000000224,63.97,66.93,-1.0700000000000074,-0.6299999999999955,0.021030654858639076,2.960000000000008
2025-05-21,3.536,3.58,3.481,3.201,3.512,4.296,0.06000000000000005,0.002000000000000224,62.93,65.86,-1.5500000000000043,0.28999999999999915,0.020190147332334537,2.9299999999999997
2025-05-22,3.536,3.58,3.481,3.201,3.512,4.296,0.06000000000000005,0.002000000000000224,62.55,64.87,-0.480000000000004,-1.0,0.019956440575343792,2.3200000000000074
2025-05-23,3.536,3.58,3.481,3.201,3.512,4.296,0.06000000000000005,0.002000000000000224,62.89,65.41,-0.9500000000000028,-0.9600000000000009,0.01996711765233445,2.519999999999996
2025-05-24,3.536,3.58,3.481,3.201,3.512,4.296,0.06000000000000005,0.002000000000000224,62.89,65.41,-0.9500000000000028,-0.9600000000000009,0.01996711765233445,2.519999999999996
2025-05-25,3.536,3.58,3.481,3.201,3.512,4.296,0.06000000000000005,0.002000000000000224,62.89,65.41,-0.9500000000000028,-0.9600000000000009,0.01996711765233445,2.519999999999996
2025-05-26,3.487,3.555,3.428,3.136,3.445,4.248,-0.04899999999999993,-0.02699999999999969,62.89,65.41,-0.9500000000000028,-0.9600000000000009,0.01996711765233445,2.519999999999996
2025-05-27,3.487,3.555,3.428,3.136,3.445,4.248,-0.04899999999999993,-0.02699999999999969,61.61,64.32,-2.3699999999999974,-1.6899999999999977,0.020384268329543848,2.7099999999999937
2025-05-28,3.487,3.555,3.428,3.136,3.445,4.248,-0.04899999999999993,-0.02699999999999969,62.54,65.72,-1.4299999999999997,0.6999999999999957,0.020007969256073146,3.1799999999999997
2025-05-29,3.487,3.555,3.428,3.136,3.445,4.248,-0.04899999999999993,-0.02699999999999969,61.66,64.6,-1.2700000000000031,2.1099999999999994,0.018312798240896006,2.9399999999999977
2025-05-30,3.487,3.555,3.428,3.136,3.445,4.248,-0.04899999999999993,-0.02699999999999969,61.46,64.32,-1.0899999999999963,0.8699999999999974,0.01796872305259973,2.8599999999999923
2025-05-31,3.487,3.555,3.428,3.136,3.445,4.248,-0.04899999999999993,-0.02699999999999969,61.46,64.32,-1.0899999999999963,0.8699999999999974,0.01796872305259973,2.8599999999999923
2025-06-01,3.487,3.555,3.428,3.136,3.445,4.248,-0.04899999999999993,-0.02699999999999969,61.46,64.32,-1.0899999999999963,0.8699999999999974,0.01796872305259973,2.8599999999999923
2025-06-02,3.451,3.517,3.388,3.097,3.453,4.221,-0.03600000000000003,-0.04599999999999982,63.27,66.55,0.38000000000000256,3.6000000000000014,0.01863003886831187,3.279999999999994
2025-06-03,3.451,3.517,3.388,3.097,3.453,4.221,-0.03600000000000003,-0.04599999999999982,64.1,67.48,2.489999999999995,5.599999999999994,0.017955840054191086,3.3800000000000097
2025-06-04,3.451,3.517,3.388,3.097,3.453,4.221,-0.03600000000000003,-0.04599999999999982,63.57,66.69,1.0300000000000011,3.1499999999999986,0.01689222807088567,3.1199999999999974
2025-06-05,3.451,3.517,3.388,3.097,3.453,4.221,-0.03600000000000003,-0.04599999999999982,64.06,67.14,2.4000000000000057,4.640000000000001,0.016299287915325925,3.0799999999999983
2025-06-06,3.451,3.517,3.388,3.097,3.453,4.221,-0.03600000000000003,-0.04599999999999982,65.3,68.02,3.8399999999999963,4.049999999999997,0.015485771131930837,2.719999999999999
2025-06-07,3.451,3.517,3.388,3.097,3.453,4.221,-0.03600000000000003,-0.04599999999999982,65.3,68.02,3.8399999999999963,4.049999999999997,0.015485771131930837,2.719999999999999
2025-06-08,3.451,3.517,3.388,3.097,3.453,4.221,-0.03600000000000003,-0.04599999999999982,65.3,68.02,3.8399999999999963,4.049999999999997,0.015485771131930837,2.719999999999999
2025-06-09,3.471,3.525,3.429,3.109,3.481,4.217,0.020000000000000018,-0.004999999999999893,65.99,68.73,2.7199999999999918,3.6199999999999974,0.015186449891191086,2.740000000000009
2025-06-10,3.471,3.525,3.429,3.109,3.481,4.217,0.020000000000000018,-0.004999999999999893,65.66,68.41,1.5600000000000023,2.3399999999999963,0.014996849839697268,2.75
2025-06-11,3.471,3.525,3.429,3.109,3.481,4.217,0.020000000000000018,-0.004999999999999893,68.91,71.29,5.339999999999996,3.8699999999999903,0.01758366439321837,2.3800000000000097
2025-06-12,3.471,3.525,3.429,3.109,3.481,4.217,0.020000000000000018,-0.004999999999999893,68.73,70.84,4.670000000000002,4.25,0.01742495434548626,2.1099999999999994
2025-06-13,3.471,3.525,3.429,3.109,3.481,4.217,0.020000000000000018,-0.004999999999999893,73.84,76.0,8.540000000000006,10.810000000000002,0.022566216486481116,2.1599999999999966
2025-06-14,3.471,3.525,3.429,3.109,3.481,4.217,0.020000000000000018,-0.004999999999999893,73.84,76.0,8.540000000000006,10.810000000000002,0.022566216486481116,2.1599999999999966
2025-06-15,3.471,3.525,3.429,3.109,3.481,4.217,0.020000000000000018,-0.004999999999999893,73.84,76.0,8.540000000000006,10.810000000000002,0.022566216486481116,2.1599999999999966
2025-06-16,3.571,3.621,3.537,3.212,3.548,4.31,0.10000000000000009,0.03500000000000014,72.53,75.05,6.540000000000006,8.689999999999998,0.023259178032443203,2.519999999999996
2025-06-17,3.571,3.621,3.537,3.212,3.548,4.31,0.10000000000000009,0.03500000000000014,75.62,78.7,9.960000000000008,11.640000000000008,0.02456976653630351,3.0799999999999983
2025-06-18,3.571,3.621,3.537,3.212,3.548,4.31,0.10000000000000009,0.03500000000000014,75.89,78.38,6.980000000000004,11.920000000000002,0.024513356339863217,2.489999999999995
2025-06-19,3.571,3.621,3.537,3.212,3.548,4.31,0.10000000000000009,0.03500000000000014,75.89,80.37,7.159999999999997,12.96,0.023898508100756475,4.480000000000004
2025-06-20,3.571,3.621,3.537,3.212,3.548,4.31,0.10000000000000009,0.03500000000000014,75.72,78.73,1.8799999999999955,13.170000000000002,0.02378190362356259,3.010000000000005
2025-06-21,3.571,3.621,3.537,3.212,3.548,4.31,0.10000000000000009,0.03500000000000014,75.72,78.73,1.8799999999999955,13.170000000000002,0.02378190362356259,3.010000000000005
2025-06-22,3.571,3.621,3.537,3.212,3.548,4.31,0.10000000000000009,0.03500000000000014,75.72,78.73,1.8799999999999955,13.170000000000002,0.02378190362356259,3.010000000000005
2025-06-23,3.775,3.79,3.777,3.436,3.689,4.458,0.20399999999999974,0.2879999999999998,69.36,74.34,-3.1700000000000017,6.469999999999999,0.03173511890596149,4.980000000000004
2025-06-24,3.775,3.79,3.777,3.436,3.689,4.458,0.20399999999999974,0.2879999999999998,65.45,69.13,-10.170000000000002,3.8400000000000034,0.03419929668593072,3.6799999999999926
2025-06-25,3.775,3.79,3.777,3.436,3.689,4.458,0.20399999999999974,0.2879999999999998,65.98,68.4,-9.909999999999997,3.440000000000005,0.034111068044030864,2.4200000000000017
2025-06-26,3.775,3.79,3.777,3.436,3.689,4.458,0.20399999999999974,0.2879999999999998,66.44,68.57,-9.450000000000003,4.780000000000001,0.03387275257026007,2.1299999999999955
2025-06-27,3.775,3.79,3.777,3.436,3.689,4.458,0.20399999999999974,0.2879999999999998,66.66,69.37,-9.060000000000002,5.199999999999996,0.03382769595227685,2.710000000000008
2025-06-28,3.775,3.79,3.777,3.436,3.689,4.458,0.20399999999999974,0.2879999999999998,66.66,69.37,-9.060000000000002,5.199999999999996,0.03382769595227685,2.710000000000008
2025-06-29,3.775,3.79,3.777,3.436,3.689,4.458,0.20399999999999974,0.2879999999999998,66.66,69.37,-9.060000000000002,5.199999999999996,0.03382769595227685,2.710000000000008
2025-06-30,3.727,3.775,3.715,3.369,3.659,4.421,-0.04800000000000004,0.2759999999999998,66.3,68.15,-3.0600000000000023,3.029999999999994,0.03337585145256003,1.8500000000000085
2025-07-01,3.727,3.775,3.715,3.369,3.659,4.421,-0.04800000000000004,0.2759999999999998,66.64,67.63,1.1899999999999977,2.5400000000000063,0.03329452053320581,0.9899999999999949
2025-07-02,3.727,3.775,3.715,3.369,3.659,4.421,-0.04800000000000004,0.2759999999999998,68.66,70.8,2.6799999999999926,5.089999999999996,0.033753689661812185,2.1400000000000006
2025-07-03,3.727,3.775,3.715,3.369,3.659,4.421,-0.04800000000000004,0.2759999999999998,68.13,70.42,1.6899999999999977,4.069999999999993,0.03385038601026289,2.2900000000000063
2025-07-04,3.727,3.775,3.715,3.369,3.659,4.421,-0.04800000000000004,0.2759999999999998,68.13,71.03,1.4699999999999989,2.8299999999999983,0.03365333823249652,2.9000000000000057
2025-07-05,3.727,3.775,3.715,3.369,3.659,4.421,-0.04800000000000004,0.2759999999999998,68.13,71.03,1.4699999999999989,2.8299999999999983,0.03365333823249652,2.9000000000000057
2025-07-06,3.727,3.775,3.715,3.369,3.659,4.421,-0.04800000000000004,0.2759999999999998,68.13,71.03,1.4699999999999989,2.8299999999999983,0.03365333823249652,2.9000000000000057
2025-07-07,3.739,3.765,3.733,3.383,3.666,4.462,0.01200000000000001,0.2679999999999998,69.16,71.95,2.8599999999999994,3.1700000000000017,0.033724888085278105,2.7900000000000063
2025-07-08,3.739,3.765,3.733,3.383,3.666,4.462,0.01200000000000001,0.2679999999999998,69.55,72.5,2.9099999999999966,3.8900000000000006,0.0336776845467098,2.950000000000003
2025-07-09,3.739,3.765,3.733,3.383,3.666,4.462,0.01200000000000001,0.2679999999999998,69.61,71.98,0.9500000000000028,0.7000000000000028,0.03188405538031344,2.3700000000000045
2025-07-10,3.739,3.765,3.733,3.383,3.666,4.462,0.01200000000000001,0.2679999999999998,67.78,70.38,-0.3499999999999943,-0.9500000000000028,0.03245938554894467,2.5999999999999943
2025-07-11,3.739,3.765,3.733,3.383,3.666,4.462,0.01200000000000001,0.2679999999999998,69.63,72.06,1.5,-4.210000000000008,0.02819787370601201,2.430000000000007
2025-07-12,3.739,3.765,3.733,3.383,3.666,4.462,0.01200000000000001,0.2679999999999998,69.63,72.06,1.5,-4.210000000000008,0.02819787370601201,2.430000000000007
2025-07-13,3.739,3.765,3.733,3.383,3.666,4.462,0.01200000000000001,0.2679999999999998,69.63,72.06,1.5,-4.210000000000008,0.02819787370601201,2.430000000000007
2025-07-14,3.758,3.793,3.733,3.403,3.713,4.498,0.019000000000000128,0.18699999999999983,68.19,70.96,-0.9699999999999989,-4.340000000000003,0.028288783056783517,2.769999999999996
2025-07-15,3.758,3.793,3.733,3.403,3.713,4.498,0.019000000000000128,0.18699999999999983,67.76,70.27,-1.789999999999992,-7.859999999999999,0.02620458093032249,2.509999999999991
2025-07-16,3.758,3.793,3.733,3.403,3.713,4.498,0.019000000000000128,0.18699999999999983,67.13,69.67,-2.480000000000004,-8.760000000000005,0.02613747853370727,2.5400000000000063
2025-07-17,3.758,3.793,3.733,3.403,3.713,4.498,0.019000000000000128,0.18699999999999983,68.76,71.32,0.980000000000004,-7.1299999999999955,0.026970639140430658,2.559999999999988
2025-07-18,3.758,3.793,3.733,3.403,3.713,4.498,0.019000000000000128,0.18699999999999983,68.53,71.06,-1.0999999999999943,-7.189999999999998,0.026966759485284732,2.530000000000001
2025-07-19,3.758,3.793,3.733,3.403,3.713,4.498,0.019000000000000128,0.18699999999999983,68.53,71.06,-1.0999999999999943,-7.189999999999998,0.026966759485284732,2.530000000000001
2025-07-20,3.758,3.793,3.733,3.403,3.713,4.498,0.019000000000000128,0.18699999999999983,68.53,71.06,-1.0999999999999943,-7.189999999999998,0.026966759485284732,2.530000000000001
2025-07-21,3.812,3.821,3.795,3.476,3.77,4.542,0.053999999999999826,0.03699999999999992,68.39,71.92,0.20000000000000284,-0.9699999999999989,0.01944964312791471,3.530000000000001
2025-07-22,3.812,3.821,3.795,3.476,3.77,4.542,0.053999999999999826,0.03699999999999992,67.56,69.69,-0.20000000000000284,2.1099999999999994,0.014699151616525703,2.1299999999999955
2025-07-23,3.812,3.821,3.795,3.476,3.77,4.542,0.053999999999999826,0.03699999999999992,66.05,69.17,-1.0799999999999983,0.06999999999999318,0.015552567540393906,3.1200000000000045
2025-07-24,3.812,3.821,3.795,3.476,3.77,4.542,0.053999999999999826,0.03699999999999992,67.16,70.42,-1.6000000000000085,0.7199999999999989,0.015929865446468638,3.260000000000005
2025-07-25,3.812,3.821,3.795,3.476,3.77,4.542,0.053999999999999826,0.03699999999999992,66.38,69.23,-2.1500000000000057,-0.28000000000000114,0.016147207010747816,2.8500000000000085
2025-07-26,3.812,3.821,3.795,3.476,3.77,4.542,0.053999999999999826,0.03699999999999992,66.38,69.23,-2.1500000000000057,-0.28000000000000114,0.016147207010747816,2.8500000000000085
2025-07-27,3.812,3.821,3.795,3.476,3.77,4.542,0.053999999999999826,0.03699999999999992,66.38,69.23,-2.1500000000000057,-0.28000000000000114,0.016147207010747816,2.8500000000000085
2025-07-28,3.805,3.812,3.794,3.454,3.781,4.546,-0.006999999999999673,0.07800000000000029,67.81,70.87,-0.5799999999999983,1.5100000000000051,0.01679164313203996,3.0600000000000023
2025-07-29,3.805,3.812,3.794,3.454,3.781,4.546,-0.006999999999999673,0.07800000000000029,70.27,73.21,2.7099999999999937,3.6299999999999955,0.018524506744240575,2.9399999999999977
2025-07-30,3.805,3.812,3.794,3.454,3.781,4.546,-0.006999999999999673,0.07800000000000029,71.09,73.98,5.040000000000006,2.430000000000007,0.01750941876270706,2.8900000000000006
2025-07-31,3.805,3.812,3.794,3.454,3.781,4.546,-0.006999999999999673,0.07800000000000029,70.36,73.43,3.200000000000003,2.230000000000004,0.017592109037382227,3.0700000000000074
2025-08-01,3.805,3.812,3.794,3.454,3.781,4.546,-0.006999999999999673,0.07800000000000029,68.39,70.55,2.010000000000005,0.2600000000000051,0.01881117579689706,2.1599999999999966
2025-08-02,3.805,3.812,3.794,3.454,3.781,4.546,-0.006999999999999673,0.07800000000000029,68.39,70.55,2.010000000000005,0.2600000000000051,0.01881117579689706,2.1599999999999966
2025-08-03,3.805,3.812,3.794,3.454,3.781,4.546,-0.006999999999999673,0.07800000000000029,68.39,70.55,2.010000000000005,0.2600000000000051,0.01881117579689706,2.1599999999999966
2025-08-04,3.8,3.807,3.792,3.442,3.793,4.54,-0.0050000000000003375,0.06099999999999994,67.33,69.56,-0.480000000000004,-1.8299999999999983,0.018792594313767133,2.230000000000004
2025-08-05,3.8,3.807,3.792,3.442,3.793,4.54,-0.0050000000000003375,0.06099999999999994,66.2,69.14,-4.069999999999993,-3.3499999999999943,0.01903211697347408,2.9399999999999977
2025-08-06,3.8,3.807,3.792,3.442,3.793,4.54,-0.0050000000000003375,0.06099999999999994,65.38,67.97,-5.710000000000008,-4.230000000000004,0.019146705641778127,2.5900000000000034
2025-08-07,3.8,3.807,3.792,3.442,3.793,4.54,-0.0050000000000003375,0.06099999999999994,64.9,66.99,-5.459999999999994,-2.8799999999999955,0.018385041761640464,2.089999999999989
2025-08-08,3.8,3.807,3.792,3.442,3.793,4.54,-0.0050000000000003375,0.06099999999999994,64.94,67.17,-3.450000000000003,-4.689999999999998,0.017067689104946774,2.230000000000004
2025-08-09,3.8,3.807,3.792,3.442,3.793,4.54,-0.0050000000000003375,0.06099999999999994,64.94,67.17,-3.450000000000003,-4.689999999999998,0.017067689104946774,2.230000000000004
2025-08-10,3.8,3.807,3.792,3.442,3.793,4.54,-0.0050000000000003375,0.06099999999999994,64.94,67.17,-3.450000000000003,-4.689999999999998,0.017067689104946774,2.230000000000004
2025-08-11,3.754,3.757,3.747,3.397,3.776,4.492,-0.04599999999999982,-0.0040000000000000036,65.03,67.36,-2.299999999999997,-3.1599999999999966,0.016594591748486164,2.3299999999999983
2025-08-12,3.754,3.757,3.747,3.397,3.776,4.492,-0.04599999999999982,-0.0040000000000000036,64.22,66.8,-1.980000000000004,-3.5400000000000063,0.016730328248219052,2.5799999999999983
2025-08-13,3.754,3.757,3.747,3.397,3.776,4.492,-0.04599999999999982,-0.0040000000000000036,63.68,66.25,-1.6999999999999957,-3.4499999999999957,0.016712622382019857,2.5700000000000003
2025-08-14,3.754,3.757,3.747,3.397,3.776,4.492,-0.04599999999999982,-0.0040000000000000036,64.99,68.12,0.0899999999999892,-3.7700000000000102,0.016417704758670184,3.1300000000000097
2025-08-15,3.754,3.757,3.747,3.397,3.776,4.492,-0.04599999999999982,-0.0040000000000000036,63.78,67.3,-1.1599999999999966,-4.75,0.016800616439280026,3.519999999999996
2025-08-16,3.754,3.757,3.747,3.397,3.776,4.492,-0.04599999999999982,-0.0040000000000000036,63.78,67.3,-1.1599999999999966,-4.75,0.016800616439280026,3.519999999999996
2025-08-17,3.754,3.757,3.747,3.397,3.776,4.492,-0.04599999999999982,-0.0040000000000000036,63.78,67.3,-1.1599999999999966,-4.75,0.016800616439280026,3.519999999999996
2025-08-18,3.713,3.733,3.702,3.34,3.757,4.455,-0.040999999999999925,-0.09899999999999975,64.51,68.18,-0.519999999999996,-3.8799999999999955,0.017127699060419842,3.6700000000000017
2025-08-19,3.713,3.733,3.702,3.34,3.757,4.455,-0.040999999999999925,-0.09899999999999975,63.38,66.62,-0.8399999999999963,-4.18,0.01732356743775279,3.240000000000002
2025-08-20,3.713,3.733,3.702,3.34,3.757,4.455,-0.040999999999999925,-0.09899999999999975,64.19,67.61,0.509999999999998,-1.8599999999999994,0.017041949215723173,3.4200000000000017
2025-08-21,3.713,3.733,3.702,3.34,3.757,4.455,-0.040999999999999925,-0.09899999999999975,64.56,68.41,-0.4299999999999926,-2.5999999999999943,0.016597964342925896,3.8499999999999943
2025-08-22,3.713,3.733,3.702,3.34,3.757,4.455,-0.040999999999999925,-0.09899999999999975,64.08,68.29,0.29999999999999716,-2.299999999999997,0.016494448768970577,4.210000000000008
2025-08-23,3.713,3.733,3.702,3.34,3.757,4.455,-0.040999999999999925,-0.09899999999999975,64.08,68.29,0.29999999999999716,-2.299999999999997,0.016494448768970577,4.210000000000008
2025-08-24,3.713,3.733,3.702,3.34,3.757,4.455,-0.040999999999999925,-0.09899999999999975,64.08,68.29,0.29999999999999716,-2.299999999999997,0.016494448768970577,4.210000000000008
2025-08-25,3.708,3.726,3.698,3.328,3.748,4.461,-0.004999999999999893,-0.09699999999999998,65.18,68.29,0.6700000000000017,-2.6299999999999955,0.016197151503107833,3.1099999999999994
2025-08-26,3.708,3.726,3.698,3.328,3.748,4.461,-0.004999999999999893,-0.09699999999999998,63.6,66.89,0.21999999999999886,-6.669999999999995,0.014232786422007666,3.289999999999999
2025-08-27,3.708,3.726,3.698,3.328,3.748,4.461,-0.004999999999999893,-0.09699999999999998,64.49,67.75,0.29999999999999716,-6.6000000000000085,0.01438370715976176,3.260000000000005
2025-08-28,3.708,3.726,3.698,3.328,3.748,4.461,-0.004999999999999893,-0.09699999999999998,64.96,68.61,0.3999999999999915,-5.400000000000006,0.01456451650183193,3.6500000000000057
2025-08-29,3.708,3.726,3.698,3.328,3.748,4.461,-0.004999999999999893,-0.09699999999999998,64.36,67.83,0.28000000000000114,-4.030000000000001,0.013494414940023987,3.469999999999999
2025-08-30,3.708,3.726,3.698,3.328,3.748,4.461,-0.004999999999999893,-0.09699999999999998,64.36,67.83,0.28000000000000114,-4.030000000000001,0.013494414940023987,3.469999999999999
2025-08-31,3.708,3.726,3.698,3.328,3.748,4.461,-0.004999999999999893,-0.09699999999999998,64.36,67.83,0.28000000000000114,-4.030000000000001,0.013494414940023987,3.469999999999999
2025-09-01,3.734,3.75,3.722,3.367,3.753,4.484,0.0259999999999998,-0.06599999999999984,64.36,67.09,-0.8200000000000074,-2.969999999999999,0.013176837847940272,2.730000000000004
2025-09-02,3.734,3.75,3.722,3.367,3.753,4.484,0.0259999999999998,-0.06599999999999984,65.95,68.09,2.3500000000000014,-0.25,0.013995584498404,2.1400000000000006
2025-09-03,3.734,3.75,3.722,3.367,3.753,4.484,0.0259999999999998,-0.06599999999999984,64.36,67.76,-0.12999999999999545,-1.019999999999996,0.014761877259001552,3.4000000000000057
2025-09-04,3.734,3.75,3.722,3.367,3.753,4.484,0.0259999999999998,-0.06599999999999984,63.81,66.41,-1.1499999999999915,-1.0900000000000034,0.014792886126308236,2.5999999999999943
2025-09-05,3.734,3.75,3.722,3.367,3.753,4.484,0.0259999999999998,-0.06599999999999984,62.22,64.92,-2.1400000000000006,-2.719999999999999,0.01574092180859849,2.700000000000003
2025-09-06,3.734,3.75,3.722,3.367,3.753,4.484,0.0259999999999998,-0.06599999999999984,62.22,64.92,-2.1400000000000006,-2.719999999999999,0.01574092180859849,2.700000000000003
2025-09-07,3.734,3.75,3.722,3.367,3.753,4.484,0.0259999999999998,-0.06599999999999984,62.22,64.92,-2.1400000000000006,-2.719999999999999,0.01574092180859849,2.700000000000003
2025-09-08,3.766,3.772,3.754,3.404,3.754,4.533,0.03200000000000003,0.01200000000000001,62.6,65.44,-1.759999999999998,-2.4299999999999997,0.015829831110269733,2.8399999999999963
2025-09-09,3.766,3.772,3.754,3.404,3.754,4.533,0.03200000000000003,0.01200000000000001,62.97,67.97,-2.980000000000004,-1.25,0.015710385976614408,5.0
2025-09-10,3.766,3.772,3.754,3.404,3.754,4.533,0.03200000000000003,0.01200000000000001,64.01,67.62,-0.3499999999999943,0.3300000000000054,0.016065039086366445,3.6099999999999994
2025-09-11,3.766,3.772,3.754,3.404,3.754,4.533,0.03200000000000003,0.01200000000000001,62.71,67.25,-1.1000000000000014,-2.279999999999994,0.015961341177015042,4.539999999999999
2025-09-12,3.766,3.772,3.754,3.404,3.754,4.533,0.03200000000000003,0.01200000000000001,63.02,67.87,0.8000000000000043,-0.759999999999998,0.015507066707776162,4.850000000000001
2025-09-13,3.766,3.772,3.754,3.404,3.754,4.533,0.03200000000000003,0.01200000000000001,63.02,67.87,0.8000000000000043,-0.759999999999998,0.015507066707776162,4.850000000000001
2025-09-14,3.766,3.772,3.754,3.404,3.754,4.533,0.03200000000000003,0.01200000000000001,63.02,67.87,0.8000000000000043,-0.759999999999998,0.015507066707776162,4.850000000000001
2025-09-15,3.739,3.748,3.71,3.389,3.722,4.523,-0.027000000000000135,0.0259999999999998,63.66,67.88,1.0599999999999952,-0.8500000000000085,0.015457432988792194,4.219999999999999
2025-09-16,3.739,3.748,3.71,3.389,3.722,4.523,-0.027000000000000135,0.0259999999999998,64.89,69.69,1.9200000000000017,1.509999999999998,0.01552382868430464,4.799999999999997
2025-09-17,3.739,3.748,3.71,3.389,3.722,4.523,-0.027000000000000135,0.0259999999999998,64.41,69.19,0.3999999999999915,0.21999999999999886,0.015393093893558049,4.780000000000001
2025-09-18,3.739,3.748,3.71,3.389,3.722,4.523,-0.027000000000000135,0.0259999999999998,63.91,67.83,1.1999999999999957,-0.6500000000000057,0.015436744742219762,3.9200000000000017
2025-09-19,3.739,3.748,3.71,3.389,3.722,4.523,-0.027000000000000135,0.0259999999999998,63.02,67.05,0.0,-1.0599999999999952,0.015659231251402735,4.029999999999994
2025-09-20,3.739,3.748,3.71,3.389,3.722,4.523,-0.027000000000000135,0.0259999999999998,63.02,67.05,0.0,-1.0599999999999952,0.015659231251402735,4.029999999999994
2025-09-21,3.739,3.748,3.71,3.389,3.722,4.523,-0.027000000000000135,0.0259999999999998,63.02,67.05,0.0,-1.0599999999999952,0.015659231251402735,4.029999999999994
2025-09-22,3.749,3.745,3.731,3.4,3.747,4.524,0.010000000000000231,0.040999999999999925,62.99,66.87,-0.6699999999999946,-2.190000000000005,0.015085222588443503,3.8800000000000026
2025-09-23,3.749,3.745,3.731,3.4,3.747,4.524,0.010000000000000231,0.040999999999999925,63.76,67.96,-1.1300000000000026,0.1599999999999966,0.014392379852273849,4.199999999999996
2025-09-24,3.749,3.745,3.731,3.4,3.747,4.524,0.010000000000000231,0.040999999999999925,65.4,69.64,0.9900000000000091,0.9100000000000108,0.015199211225221484,4.239999999999995
2025-09-25,3.749,3.745,3.731,3.4,3.747,4.524,0.010000000000000231,0.040999999999999925,65.51,70.48,1.6000000000000085,0.5500000000000114,0.015124981701627778,4.969999999999999
2025-09-26,3.749,3.745,3.731,3.4,3.747,4.524,0.010000000000000231,0.040999999999999925,66.5,71.15,3.479999999999997,2.1400000000000006,0.015276633720011508,4.650000000000006
2025-09-27,3.749,3.745,3.731,3.4,3.747,4.524,0.010000000000000231,0.040999999999999925,66.5,71.15,3.479999999999997,2.1400000000000006,0.015276633720011508,4.650000000000006
2025-09-28,3.749,3.745,3.731,3.4,3.747,4.524,0.010000000000000231,0.040999999999999925,66.5,71.15,3.479999999999997,2.1400000000000006,0.015276633720011508,4.650000000000006
2025-09-29,3.754,3.75,3.731,3.413,3.732,4.532,0.004999999999999893,0.020000000000000018,64.27,69.0,1.279999999999994,-0.09000000000000341,0.01719798713669539,4.730000000000004
2025-09-30,3.754,3.75,3.731,3.413,3.732,4.532,0.004999999999999893,0.020000000000000018,63.17,68.52,-0.5899999999999963,-2.780000000000001,0.016576375378931134,5.349999999999994
2025-10-01,3.754,3.75,3.731,3.413,3.732,4.532,0.004999999999999893,0.020000000000000018,62.59,66.67,-2.8100000000000023,-1.769999999999996,0.01584955859568864,4.079999999999998
2025-10-02,3.754,3.75,3.731,3.413,3.732,4.532,0.004999999999999893,0.020000000000000018,61.28,65.44,-4.230000000000004,-2.530000000000001,0.016381599724981787,4.159999999999997
2025-10-03,3.754,3.75,3.731,3.413,3.732,4.532,0.004999999999999893,0.020000000000000018,61.65,66.13,-4.850000000000001,-0.5700000000000003,0.015531994161663384,4.479999999999997
2025-10-04,3.754,3.75,3.731,3.413,3.732,4.532,0.004999999999999893,0.020000000000000018,61.65,66.13,-4.850000000000001,-0.5700000000000003,0.015531994161663384,4.479999999999997
2025-10-05,3.754,3.75,3.731,3.413,3.732,4.532,0.004999999999999893,0.020000000000000018,61.65,66.13,-4.850000000000001,-0.5700000000000003,0.015531994161663384,4.479999999999997
2025-10-06,3.711,3.735,3.67,3.364,3.671,4.499,-0.04300000000000015,-0.05500000000000016,62.49,67.09,-1.779999999999994,-0.10999999999999943,0.015785277120347704,4.600000000000001
2025-10-07,3.711,3.735,3.67,3.364,3.671,4.499,-0.04300000000000015,-0.05500000000000016,62.52,67.1,-0.6499999999999986,-0.44999999999999574,0.01572540938748348,4.579999999999991
2025-10-08,3.711,3.735,3.67,3.364,3.671,4.499,-0.04300000000000015,-0.05500000000000016,63.37,67.42,0.779999999999994,-0.6400000000000077,0.01557447269708697,4.050000000000004
2025-10-09,3.711,3.735,3.67,3.364,3.671,4.499,-0.04300000000000015,-0.05500000000000016,62.36,67.23,1.0799999999999983,-0.3500000000000014,0.015308580560874932,4.8700000000000045
2025-10-10,3.711,3.735,3.67,3.364,3.671,4.499,-0.04300000000000015,-0.05500000000000016,59.75,64.41,-1.8999999999999986,-3.270000000000003,0.017851389449072393,4.659999999999997
2025-10-11,3.711,3.735,3.67,3.364,3.671,4.499,-0.04300000000000015,-0.05500000000000016,59.75,64.41,-1.8999999999999986,-3.270000000000003,0.017851389449072393,4.659999999999997
2025-10-12,3.711,3.735,3.67,3.364,3.671,4.499,-0.04300000000000015,-0.05500000000000016,59.75,64.41,-1.8999999999999986,-3.270000000000003,0.017851389449072393,4.659999999999997
2025-10-13,3.665,3.721,3.606,3.299,3.658,4.464,-0.04599999999999982,-0.07399999999999984,59.75,64.15,-2.740000000000002,-3.9099999999999966,0.017615095663221537,4.400000000000006
2025-10-14,3.665,3.721,3.606,3.299,3.658,4.464,-0.04599999999999982,-0.07399999999999984,59.52,63.0,-3.0,-5.369999999999997,0.016812346459825055,3.479999999999997
2025-10-15,3.665,3.721,3.606,3.299,3.658,4.464,-0.04599999999999982,-0.07399999999999984,59.08,62.33,-4.289999999999999,-5.329999999999998,0.01681229947073141,3.25
2025-10-16,3.665,3.721,3.606,3.299,3.658,4.464,-0.04599999999999982,-0.07399999999999984,58.29,61.08,-4.07,-5.619999999999997,0.01692173951828018,2.789999999999999
2025-10-17,3.665,3.721,3.606,3.299,3.658,4.464,-0.04599999999999982,-0.07399999999999984,58.3,61.23,-1.4500000000000028,-4.720000000000006,0.016799618435812715,2.9299999999999997
2025-10-18,3.665,3.721,3.606,3.299,3.658,4.464,-0.04599999999999982,-0.07399999999999984,58.3,61.23,-1.4500000000000028,-4.720000000000006,0.016799618435812715,2.9299999999999997
2025-10-19,3.665,3.721,3.606,3.299,3.658,4.464,-0.04599999999999982,-0.07399999999999984,58.3,61.23,-1.4500000000000028,-4.720000000000006,0.016799618435812715,2.9299999999999997
2025-10-20,3.62,3.675,3.564,3.256,3.585,4.421,-0.04499999999999993,-0.129,58.34,60.71,-1.4099999999999966,-4.649999999999999,0.01681354115014322,2.3699999999999974
2025-10-21,3.62,3.675,3.564,3.256,3.585,4.421,-0.04499999999999993,-0.129,58.66,61.0,-0.8600000000000065,-5.100000000000001,0.01654314781930105,2.3400000000000034
2025-10-22,3.62,3.675,3.564,3.256,3.585,4.421,-0.04499999999999993,-0.129,59.3,62.28,0.21999999999999886,-6.1000000000000085,0.015435743284045012,2.980000000000004
2025-10-23,3.62,3.675,3.564,3.256,3.585,4.421,-0.04499999999999993,-0.129,62.44,66.32,4.149999999999999,-3.0700000000000074,0.020112249526462803,3.8799999999999955
2025-10-24,3.62,3.675,3.564,3.256,3.585,4.421,-0.04499999999999993,-0.129,62.27,65.8,3.970000000000006,-4.229999999999997,0.019695054799612206,3.529999999999994
2025-10-25,3.62,3.675,3.564,3.256,3.585,4.421,-0.04499999999999993,-0.129,62.27,65.8,3.970000000000006,-4.229999999999997,0.019695054799612206,3.529999999999994
2025-10-26,3.62,3.675,3.564,3.256,3.585,4.421,-0.04499999999999993,-0.129,62.27,65.8,3.970000000000006,-4.229999999999997,0.019695054799612206,3.529999999999994
2025-10-27,3.718,3.723,3.715,3.35,3.686,4.485,0.09799999999999986,-0.03600000000000003,62.13,65.52,3.789999999999999,-2.1399999999999935,0.018346670387726572,3.3899999999999935
2025-10-28,3.718,3.723,3.715,3.35,3.686,4.485,0.09799999999999986,-0.03600000000000003,60.97,64.03,2.3100000000000023,-2.200000000000003,0.01841934343894394,3.0600000000000023
2025-10-29,3.718,3.723,3.715,3.35,3.686,4.485,0.09799999999999986,-0.03600000000000003,61.26,65.01,1.9600000000000009,-1.3300000000000054,0.018381458986350734,3.750000000000007
2025-10-30,3.718,3.723,3.715,3.35,3.686,4.485,0.09799999999999986,-0.03600000000000003,61.36,65.11,-1.0799999999999983,0.0799999999999983,0.01777057444835712,3.75
2025-10-31,3.718,3.723,3.715,3.35,3.686,4.485,0.09799999999999986,-0.03600000000000003,61.75,65.44,-0.5200000000000031,0.10000000000000142,0.017776201990660746,3.6899999999999977
2025-11-01,3.718,3.723,3.715,3.35,3.686,4.485,0.09799999999999986,-0.03600000000000003,61.75,65.44,-0.5200000000000031,0.10000000000000142,0.017776201990660746,3.6899999999999977
2025-11-02,3.718,3.723,3.715,3.35,3.686,4.485,0.09799999999999986,-0.03600000000000003,61.75,65.44,-0.5200000000000031,0.10000000000000142,0.017776201990660746,3.6899999999999977
2025-11-03,3.753,3.754,3.773,3.374,3.676,4.499,0.03500000000000014,0.04200000000000026,61.79,65.79,-0.3400000000000034,-0.7000000000000028,0.017496161032700557,4.000000000000007
2025-11-04,3.753,3.754,3.773,3.374,3.676,4.499,0.03500000000000014,0.04200000000000026,61.38,65.04,0.4100000000000037,-1.1400000000000006,0.017549186314004064,3.6600000000000037
2025-11-05,3.753,3.754,3.773,3.374,3.676,4.499,0.03500000000000014,0.04200000000000026,60.4,63.54,-0.8599999999999994,-2.969999999999999,0.017520055038557688,3.1400000000000006
2025-11-06,3.753,3.754,3.773,3.374,3.676,4.499,0.03500000000000014,0.04200000000000026,60.24,63.41,-1.1199999999999974,-2.1199999999999974,0.01722318940540956,3.1699999999999946
2025-11-07,3.753,3.754,3.773,3.374,3.676,4.499,0.03500000000000014,0.04200000000000026,60.54,63.72,-1.2100000000000009,0.7899999999999991,0.01441541026298702,3.1799999999999997
2025-11-08,3.753,3.754,3.773,3.374,3.676,4.499,0.03500000000000014,0.04200000000000026,60.54,63.72,-1.2100000000000009,0.7899999999999991,0.01441541026298702,3.1799999999999997
2025-11-09,3.753,3.754,3.773,3.374,3.676,4.499,0.03500000000000014,0.04200000000000026,60.54,63.72,-1.2100000000000009,0.7899999999999991,0.01441541026298702,3.1799999999999997
2025-11-10,3.837,3.823,3.891,3.436,3.803,4.545,0.08400000000000007,0.17200000000000015,60.94,63.01,-0.8500000000000014,1.1899999999999977,0.014472826513559217,2.0700000000000003
2025-11-11,3.837,3.823,3.891,3.436,3.803,4.545,0.08400000000000007,0.17200000000000015,60.94,63.86,-0.44000000000000483,1.4199999999999946,0.014429297707695594,2.9200000000000017
2025-11-12,3.837,3.823,3.891,3.436,3.803,4.545,0.08400000000000007,0.17200000000000015,59.3,61.88,-1.1000000000000014,0.21999999999999886,0.015654591265037442,2.5800000000000054
2025-11-13,3.837,3.823,3.891,3.436,3.803,4.545,0.08400000000000007,0.17200000000000015,59.54,62.14,-0.7000000000000028,1.25,0.01533519959644239,2.6000000000000014
2025-11-14,3.837,3.823,3.891,3.436,3.803,4.545,0.08400000000000007,0.17200000000000015,60.87,63.45,0.3299999999999983,2.5700000000000003,0.016043779232937552,2.5800000000000054
2025-11-15,3.837,3.823,3.891,3.436,3.803,4.545,0.08400000000000007,0.17200000000000015,60.87,63.45,0.3299999999999983,2.5700000000000003,0.016043779232937552,2.5800000000000054
2025-11-16,3.837,3.823,3.891,3.436,3.803,4.545,0.08400000000000007,0.17200000000000015,60.87,63.45,0.3299999999999983,2.5700000000000003,0.016043779232937552,2.5800000000000054
2025-11-17,3.868,3.856,3.913,3.49,3.813,4.559,0.030999999999999694,0.24799999999999978,60.66,63.16,-0.28000000000000114,2.319999999999993,0.01609198631248632,2.5
2025-11-18,3.868,3.856,3.913,3.49,3.813,4.559,0.030999999999999694,0.24799999999999978,61.51,64.86,0.5700000000000003,2.8500000000000014,0.016298796235514966,3.3500000000000014
2025-11-19,3.868,3.856,3.913,3.49,3.813,4.559,0.030999999999999694,0.24799999999999978,60.27,63.78,0.970000000000006,0.970000000000006,0.0169236114522649,3.509999999999998
2025-11-20,3.868,3.856,3.913,3.49,3.813,4.559,0.030999999999999694,0.24799999999999978,60.07,63.64,0.5300000000000011,-2.3699999999999974,0.011691386068688324,3.5700000000000003
2025-11-21,3.868,3.856,3.913,3.49,3.813,4.559,0.030999999999999694,0.24799999999999978,58.86,62.78,-2.009999999999998,-3.4100000000000037,0.012386686249024349,3.9200000000000017
2025-11-22,3.868,3.856,3.913,3.49,3.813,4.559,0.030999999999999694,0.24799999999999978,58.86,62.78,-2.009999999999998,-3.4100000000000037,0.012386686249024349,3.9200000000000017
2025-11-23,3.868,3.856,3.913,3.49,3.813,4.559,0.030999999999999694,0.24799999999999978,58.86,62.78,-2.009999999999998,-3.4100000000000037,0.012386686249024349,3.9200000000000017
2025-11-24,3.831,3.862,3.85,3.459,3.723,4.514,-0.03699999999999992,0.11299999999999999,59.11,64.83,-1.5499999999999972,-3.020000000000003,0.012484991264930337,5.719999999999999
2025-11-25,3.831,3.862,3.85,3.459,3.723,4.514,-0.03699999999999992,0.11299999999999999,58.25,63.99,-3.259999999999998,-2.719999999999999,0.012234038661732118,5.740000000000002
2025-11-26,3.831,3.862,3.85,3.459,3.723,4.514,-0.03699999999999992,0.11299999999999999,58.81,64.81,-1.4600000000000009,-2.4499999999999957,0.012426269708848758,6.0
2025-11-27,3.831,3.862,3.85,3.459,3.723,4.514,-0.03699999999999992,0.11299999999999999,58.81,64.18,-1.259999999999998,-2.549999999999997,0.012406743043963641,5.3700000000000045
2025-11-28,3.831,3.862,3.85,3.459,3.723,4.514,-0.03699999999999992,0.11299999999999999,58.58,64.07,-0.28000000000000114,-3.1700000000000017,0.012252218660718532,5.489999999999995
2025-11-29,3.831,3.862,3.85,3.459,3.723,4.514,-0.03699999999999992,0.11299999999999999,58.58,64.07,-0.28000000000000114,-3.1700000000000017,0.012252218660718532,5.489999999999995
2025-11-30,3.831,3.862,3.85,3.459,3.723,4.514,-0.03699999999999992,0.11299999999999999,58.58,64.07,-0.28000000000000114,-3.1700000000000017,0.012252218660718532,5.489999999999995
2025-12-01,3.758,3.785,3.755,3.415,3.665,4.441,-0.07299999999999995,0.004999999999999893,59.47,64.22,0.35999999999999943,-2.3200000000000003,0.012868805461551709,4.75
2025-12-02,3.758,3.785,3.755,3.415,3.665,4.441,-0.07299999999999995,0.004999999999999893,58.81,63.37,0.5600000000000023,-2.5700000000000003,0.012994536823617795,4.559999999999995
2025-12-03,3.758,3.785,3.755,3.415,3.665,4.441,-0.07299999999999995,0.004999999999999893,59.09,63.75,0.28000000000000114,-1.3099999999999952,0.012648685963213509,4.659999999999997
2025-12-04,3.758,3.785,3.755,3.415,3.665,4.441,-0.07299999999999995,0.004999999999999893,59.82,64.15,1.009999999999998,-0.4200000000000017,0.012987315512872,4.330000000000005
2025-12-05,3.758,3.785,3.755,3.415,3.665,4.441,-0.07299999999999995,0.004999999999999893,60.23,64.42,1.6499999999999986,-0.3100000000000023,0.013033853470812692,4.190000000000005
2025-12-06,3.758,3.785,3.755,3.415,3.665,4.441,-0.07299999999999995,0.004999999999999893,60.23,64.42,1.6499999999999986,-0.3100000000000023,0.013033853470812692,4.190000000000005
2025-12-07,3.758,3.785,3.755,3.415,3.665,4.441,-0.07299999999999995,0.004999999999999893,60.23,64.42,1.6499999999999986,-0.3100000000000023,0.013033853470812692,4.190000000000005
2025-12-08,3.665,3.729,3.635,3.327,3.498,4.37,-0.09299999999999997,-0.17200000000000015,59.04,63.3,-0.4299999999999997,-1.8999999999999986,0.013631303782761268,4.259999999999998
2025-12-09,3.665,3.729,3.635,3.327,3.498,4.37,-0.09299999999999997,-0.17200000000000015,58.4,62.62,-0.4100000000000037,-2.539999999999999,0.013783440421403835,4.219999999999999
2025-12-10,3.665,3.729,3.635,3.327,3.498,4.37,-0.09299999999999997,-0.17200000000000015,58.67,63.12,-0.4200000000000017,-0.6299999999999955,0.012535205232744881,4.449999999999996
2025-12-11,3.665,3.729,3.635,3.327,3.498,4.37,-0.09299999999999997,-0.17200000000000015,57.76,61.87,-2.0600000000000023,-1.7800000000000011,0.012922047187547758,4.109999999999999
2025-12-12,3.665,3.729,3.635,3.327,3.498,4.37,-0.09299999999999997,-0.17200000000000015,57.61,62.11,-2.6199999999999974,-3.259999999999998,0.011647491099797947,4.5
2025-12-13,3.665,3.729,3.635,3.327,3.498,4.37,-0.09299999999999997,-0.17200000000000015,57.61,62.11,-2.6199999999999974,-3.259999999999998,0.011647491099797947,4.5
2025-12-14,3.665,3.729,3.635,3.327,3.498,4.37,-0.09299999999999997,-0.17200000000000015,57.61,62.11,-2.6199999999999974,-3.259999999999998,0.011647491099797947,4.5
2025-12-15,3.607,3.703,3.567,3.267,3.385,4.294,-0.05799999999999983,-0.2609999999999997,56.97,61.55,-2.0700000000000003,-3.6899999999999977,0.011798939252996724,4.579999999999998
2025-12-16,3.607,3.703,3.567,3.267,3.385,4.294,-0.05799999999999983,-0.2609999999999997,55.44,59.93,-2.960000000000001,-6.07,0.012216925053552059,4.490000000000002
2025-12-17,3.607,3.703,3.567,3.267,3.385,4.294,-0.05799999999999983,-0.2609999999999997,56.07,60.61,-2.6000000000000014,-4.200000000000003,0.012206632667637158,4.539999999999999
2025-12-18,3.607,3.703,3.567,3.267,3.385,4.294,-0.05799999999999983,-0.2609999999999997,56.22,60.69,-1.5399999999999991,-3.8500000000000014,0.012285523654179198,4.469999999999999
2025-12-19,3.607,3.703,3.567,3.267,3.385,4.294,-0.05799999999999983,-0.2609999999999997,56.8,61.35,-0.8100000000000023,-2.0600000000000023,0.011962831115428842,4.550000000000004
2025-12-20,3.607,3.703,3.567,3.267,3.385,4.294,-0.05799999999999983,-0.2609999999999997,56.8,61.35,-0.8100000000000023,-2.0600000000000023,0.011962831115428842,4.550000000000004
2025-12-21,3.607,3.703,3.567,3.267,3.385,4.294,-0.05799999999999983,-0.2609999999999997,56.8,61.35,-0.8100000000000023,-2.0600000000000023,0.011962831115428842,4.550000000000004
2025-12-22,3.544,3.674,3.483,3.214,3.304,4.205,-0.06300000000000017,-0.2869999999999999,58.18,62.22,1.2100000000000009,-0.9299999999999997,0.013258253103413631,4.039999999999999
2025-12-23,3.544,3.674,3.483,3.214,3.304,4.205,-0.06300000000000017,-0.2869999999999999,58.55,63.7,3.1099999999999994,0.29999999999999716,0.012929764415568324,5.150000000000006
2025-12-24,3.544,3.674,3.483,3.214,3.304,4.205,-0.06300000000000017,-0.2869999999999999,58.72,63.7,2.6499999999999986,-0.09000000000000341,0.012762338922881504,4.980000000000004
2025-12-25,3.544,3.674,3.483,3.214,3.304,4.205,-0.06300000000000017,-0.2869999999999999,58.72,63.7,2.6499999999999986,-0.09000000000000341,0.012762338922881504,4.980000000000004
2025-12-26,3.544,3.674,3.483,3.214,3.304,4.205,-0.06300000000000017,-0.2869999999999999,56.6,63.7,0.38000000000000256,-2.210000000000001,0.015101469855890141,7.100000000000001
2025-12-27,3.544,3.674,3.483,3.214,3.304,4.205,-0.06300000000000017,-0.2869999999999999,56.6,63.7,0.38000000000000256,-2.210000000000001,0.015101469855890141,7.100000000000001
2025-12-28,3.544,3.674,3.483,3.214,3.304,4.205,-0.06300000000000017,-0.2869999999999999,56.6,63.7,0.38000000000000256,-2.210000000000001,0.015101469855890141,7.100000000000001
2025-12-29,3.5,3.645,3.424,3.184,3.233,4.156,-0.04400000000000004,-0.258,57.89,63.1,1.0900000000000034,-0.6899999999999977,0.016055647267774694,5.210000000000001
2025-12-30,3.5,3.645,3.424,3.184,3.233,4.156,-0.04400000000000004,-0.258,57.79,62.3,-0.39000000000000057,-1.6799999999999997,0.015627008063452075,4.509999999999998
2025-12-31,3.5,3.645,3.424,3.184,3.233,4.156,-0.04400000000000004,-0.258,57.26,61.35,-1.2899999999999991,-1.5500000000000043,0.015569352520535023,4.090000000000003
