model,training_mae,validation_mae,testing_mae,training_rmse,validation_rmse,testing_rmse,training_r2,validation_r2,testing_r2
FastAI_TabularLearner,0.10443760396892296,0.10360515640212338,0.13157565233609678,0.12552044547175695,0.12403777717968173,0.15504888158862676,0.4420363569374469,0.44529101000630666,0.16573379225882212
CatBoost,0.072152226591775,0.07705026322573745,0.07713025244522315,0.0878548122900347,0.09357812024229449,0.09354912954610028,0.7252131391159533,0.6910022791136711,0.6962985408090794
TabPFN_3,0.01986417807203227,0.024921362874389386,0.025085264686920645,0.025725746620470884,0.033463971249842045,0.03349248074296873,0.9764386143320563,0.9604850352346808,0.9610720073516715
TabICLv2,0.017326000596597595,0.022868582302729288,0.02240047085930824,0.021958204803775912,0.029324837575602353,0.028757048506949223,0.9828344186913266,0.969655647640491,0.9713017115215531
LightGBM_CUDA,0.01984447635450079,0.05598606654454809,0.05519369784808501,0.02594670578580936,0.07099562590415287,0.0699948326889863,0.9760321373596852,0.8221434651555776,0.8299802644176397
FastAI_TabularLearner,0.10904316306813426,0.10845607282573086,0.13047953908929588,0.12919753190649785,0.12852495808942885,0.15285353452183384,0.4088667447719788,0.4044308459157604,0.18919139689308972
CatBoost,0.07044756933281565,0.07548152807215368,0.07536349679698293,0.08615902471780694,0.09204456347266982,0.09177778020065437,0.7357187203177926,0.7010469924476557,0.7076908059001783
TabPFN_3,0.01986417807203227,0.024921362874389386,0.025085264686920645,0.025725746620470884,0.033463971249842045,0.03349248074296873,0.9764386143320563,0.9604850352346808,0.9610720073516715
TabICLv2,0.017326000596597595,0.022868582302729288,0.02240047085930824,0.021958204803775912,0.029324837575602353,0.028757048506949223,0.9828344186913266,0.969655647640491,0.9713017115215531
LightGBM_CUDA,0.014923038623454768,0.055624788225109,0.05478935289403664,0.019671656023127662,0.07080014292010131,0.06982171544302718,0.9862232525874877,0.8231215552795834,0.8308202392760066
PySR,0.13880214889133524,0.1400011604906867,0.1406569485112214,0.15730003734619283,0.15812685234086454,0.15892645662072627,0.11910832848013231,0.11769671925994851,0.12348414142883146
PySR,0.1389073978290486,0.14011040358544602,0.14075496412216665,0.15729344187711083,0.158129975470478,0.15891751893922224,0.11918219714640765,0.11766186654928679,0.12358272538344206
PySR,0.13908350131899355,0.14029656325388642,0.14091790318633557,0.15729221273779184,0.15814438221661042,0.15890547711693628,0.11919596305490776,0.1175010848820216,0.1237155397048958
CatBoost,0.07180346692155821,0.07677149858916933,0.07677262771536587,0.08765318898836934,0.09337990299192381,0.09319835266985635,0.7264729417007808,0.6923099311576761,0.6985718216325265
CatBoost,0.07203554789429552,0.07674217821149185,0.07696459638113663,0.08802458464350552,0.09348329959927404,0.09350735295318725,0.7241501060113531,0.6916281629914811,0.6965697304890148
FastAI_TabularLearner,0.10890877160084089,0.10797537745359162,0.13022885747559548,0.12914891016749308,0.12829632374813163,0.15226866251663676,0.40931159101805625,0.4065478891475326,0.19538441021424247
CatBoost,0.07132317353300756,0.07623020967478948,0.07639087345345218,0.08723838577057057,0.09299315152815904,0.09296151085645571,0.7290556529695295,0.6948533725292654,0.7001018934165664
TabPFN_3,0.01986417807203227,0.024921362874389386,0.025085264686920645,0.025725746620470884,0.033463971249842045,0.03349248074296873,0.9764386143320563,0.9604850352346808,0.9610720073516715
TabICLv2,0.01732600008516342,0.02286858330290816,0.02240047147770643,0.021958203927220404,0.02932483864113195,0.028757048682520346,0.9828344200618016,0.9696556454353428,0.9713017111711284
TabICLv2,0.1815246433386302,0.1967056274572134,0.19085384013117793,0.26298547586707427,0.2813089908805414,0.27121962933937876,0.18900885378015253,0.08728498585251387,0.09790188633407992
FastAI_TabularLearner,0.10865484035040932,0.10872043209705773,0.13046421694515226,0.12878772603092775,0.1285199367313797,0.15269580575913974,0.41261086708621963,0.40447738174180903,0.190863871850954
TabICLv2,0.017326000596597595,0.022868582302729288,0.02240047085930824,0.021958204803775912,0.029324837575602353,0.028757048506949223,0.9828344186913266,0.969655647640491,0.9713017115215531
TabICLv2,0.017326000596597595,0.022868582302729288,0.02240047085930824,0.021958204803775912,0.029324837575602353,0.028757048506949223,0.9828344186913266,0.969655647640491,0.9713017115215531
TabICLv2,0.18152464413584232,0.19670562693567276,0.19085383907319547,0.2629854766255851,0.28130899073125937,0.2712196286337036,0.18900884910198146,0.08728498682121377,0.09790189102834379
TabICLv2,0.017326000596597595,0.022868582302729288,0.02240047085930824,0.021958204803775912,0.029324837575602353,0.028757048506949223,0.9828344186913266,0.969655647640491,0.9713017115215531
TabICLv2,0.18152464413584232,0.19670562693567276,0.19085383907319547,0.2629854766255851,0.28130899073125937,0.2712196286337036,0.18900884910198146,0.08728498682121377,0.09790189102834379
TabICLv2,0.016817805904405875,0.022684875442351832,0.022223658839101792,0.02125062726032086,0.029082486481231306,0.028541950712612264,0.9839228760531842,0.9701551285992803,0.9717294224732008
TabICLv2,0.17889291047293662,0.1968093789144087,0.1908428029796982,0.2602781094109987,0.28173264194887443,0.27144802478655966,0.20562078565073205,0.08453381992663844,0.09638192368105014
TabICLv2,0.01681780546254179,0.022684875728117223,0.022223658168549536,0.021250627314903448,0.029082486928743767,0.028541949210938895,0.9839228759705955,0.9701551276807927,0.971729425447992
TabICLv2,0.1788929113670063,0.19680937802033902,0.19084280502115727,0.26027810981010513,0.2817326403070934,0.27144802762144327,0.20562078321455457,0.08453383059629316,0.09638190480707176
TabICLv2,0.016817805904405875,0.022684875442351832,0.022223658839101792,0.02125062726032086,0.029082486481231306,0.028541950712612264,0.9839228760531842,0.9701551285992803,0.9717294224732008
TabICLv2,0.13910565103745104,0.18143011008819582,0.17613136534018992,0.21984235405954122,0.26989404670692113,0.2596468412991086,0.43327115638392877,0.1598543575802165,0.1732434854340672
TabICLv2,0.016817805904405875,0.022684875442351832,0.022223658839101792,0.02125062726032086,0.029082486481231306,0.028541950712612264,0.9839228760531842,0.9701551285992803,0.9717294224732008
TabICLv2,0.13910565103745104,0.18143011008819582,0.17613136534018992,0.21984235405954122,0.26989404670692113,0.2596468412991086,0.43327115638392877,0.1598543575802165,0.1732434854340672
TabICLv2,0.016817805904405875,0.022684875442351832,0.022223658839101792,0.02125062726032086,0.029082486481231306,0.028541950712612264,0.9839228760531842,0.9701551285992803,0.9717294224732008
TabICLv2,0.13910565103745104,0.18143011008819582,0.17613136534018992,0.21984235405954122,0.26989404670692113,0.2596468412991086,0.43327115638392877,0.1598543575802165,0.1732434854340672
TabICLv2,0.01681780546254179,0.022684875728117223,0.022223658168549536,0.021250627314903448,0.029082486928743767,0.028541949210938895,0.9839228759705955,0.9701551276807927,0.971729425447992
TabICLv2,0.13910564987143517,0.18143010891100408,0.17613136458023068,0.21984235370352115,0.26989404611662376,0.2596468398375502,0.43327115821948814,0.15985436125525665,0.17324349474173206
TabICLv2,57.97223353218079,88.85968772994994,83.40349209869383,585.42294942965,597.4084915712906,553.3689176133244,0.8455842685077646,0.8374645665100194,0.8597605178418015
TabICLv2,0.01681780546254179,0.022684875728117223,0.022223658168549536,0.021250627314903448,0.029082486928743767,0.028541949210938895,0.9839228759705955,0.9701551276807927,0.971729425447992
TabICLv2,0.13910564987143517,0.18143010891100408,0.17613136458023068,0.21984235370352115,0.26989404611662376,0.2596468398375502,0.43327115821948814,0.15985436125525665,0.17324349474173206
TabICLv2,57.97223353218079,88.85968772994994,83.40349209869383,585.42294942965,597.4084915712906,553.3689176133244,0.8455842685077646,0.8374645665100194,0.8597605178418015
TabICLv2,0.016996510661247327,0.022709656077942522,0.022218759313397406,0.02146897957755792,0.02909020185734835,0.028514456258826062,0.9835907905596768,0.9701392912359983,0.9717838623197523
TabICLv2,0.14040647001168727,0.18159477683884143,0.17621430437330723,0.22162070473505038,0.27011310925299614,0.2597903549212162,0.4240652965682512,0.1584899767306004,0.17232929281671117
TabPFN_3,0.01983328076805632,0.025382549418430874,0.025342660818362235,0.02553994905298752,0.0340578379567551,0.03392009723588361,0.9767777174096749,0.9590700898031168,0.9600716325129309
TabPFN_3,0.181747746999377,0.19438921325810432,0.188437075924263,0.2622869291259847,0.27908904569377196,0.26894379138838914,0.1933114703138481,0.10163349653551512,0.11297760570626125
TabICLv2,0.016996510661247327,0.022709656077942522,0.022218759313397406,0.02146897957755792,0.02909020185734835,0.028514456258826062,0.9835907905596768,0.9701392912359983,0.9717838623197523
TabPFN_3,0.01941363022971469,0.023366113365547784,0.02324024067697048,0.024813812764434347,0.030377230261134782,0.030184703289867273,0.9780794294287591,0.9674386060687903,0.9683815046348505
TabICLv2,0.016996510661247327,0.022709656077942522,0.022218759313397406,0.02146897957755792,0.02909020185734835,0.028514456258826062,0.9835907905596768,0.9701392912359983,0.9717838623197523
TabICLv2,0.14040647001168727,0.18159477683884143,0.17621430437330723,0.22162070473505038,0.27011310925299614,0.2597903549212162,0.4240652965682512,0.1584899767306004,0.17232929281671117
TabPFN_3,0.01941363022971469,0.023366113365547784,0.02324024067697048,0.024813812764434347,0.030377230261134782,0.030184703289867273,0.9780794294287591,0.9674386060687903,0.9683815046348505
TabICLv2,0.1404064700787425,0.1815947766600275,0.17621430210833075,0.22162070296291572,0.2701131106152209,0.25979035269518774,0.42406530577888746,0.15848996824285388,0.17232930700059834
EquipmentRouteMedian_quote_signal,0.14584369562500002,0.24411222437500002,0.23231710062500002,0.2552029921115034,0.37423703921842355,0.34636185597323194,0.23629768188093903,-0.6153309198395032,-0.471199791733355
TabPFN_3,0.1838130162106407,0.19454258535466196,0.18849979378070356,0.26536762384822615,0.2790207937971008,0.2691972970406922,0.17425023953815133,0.10207283818164048,0.1113046080277812
TabICLv2,80.95367197498321,99.02672894058229,93.88931651802062,590.8414520348696,599.6356309910728,554.6616683595576,0.8427125868349283,0.8362504430954623,0.8591045125805759
EquipmentRouteMedian_quote_signal,0.14584369562500002,0.24411222437500002,0.23231710062500002,0.2552029921115034,0.37423703921842355,0.34636185597323194,0.23629768188093903,-0.6153309198395032,-0.471199791733355
TabICLv2,80.8350060769844,98.9771252379608,93.8212076548767,590.8253688672612,599.5899262225965,554.6095926466853,0.8427211496918166,0.8362754044218941,0.8591309679458181
TabICLv2,80.8350060769844,98.9771252379608,93.8212076548767,590.8253688672612,599.5899262225965,554.6095926466853,0.8427211496918166,0.8362754044218941,0.8591309679458181
TabPFN_3,0.1838130162106407,0.19454258535466196,0.18849979378070356,0.26536762384822615,0.2790207937971008,0.2691972970406922,0.17425023953815133,0.10207283818164048,0.1113046080277812
TabICLv2,0.1404064700787425,0.1815947766600275,0.17621430210833075,0.22162070296291572,0.2701131106152209,0.25979035269518774,0.42406530577888746,0.15848996824285388,0.17232930700059834
EquipmentRouteMedian_quote_signal,0.14584369562500002,0.24411222437500002,0.23231710062500002,0.2552029921115034,0.37423703921842355,0.34636185597323194,0.23629768188093903,-0.6153309198395032,-0.471199791733355
TabICLv2,0.14040647001168727,0.18159477683884143,0.17621430437330723,0.22162070473505038,0.27011310925299614,0.2597903549212162,0.4240652965682512,0.1584899767306004,0.17232929281671117
EquipmentRouteMedian_quote_signal,0.14584369562500002,0.24411222437500002,0.23231710062500002,0.2552029921115034,0.37423703921842355,0.34636185597323194,0.23629768188093903,-0.6153309198395032,-0.471199791733355
TabICLv2,0.03559249081759572,0.053209492545335295,0.05304903833214283,0.07142750983355646,0.08461487809474662,0.08457393539047223,0.94017487643891,0.9174225561635618,0.9122828287760748
EquipmentRouteMedian_quote_signal,0.14584369562500002,0.24411222437500002,0.23231710062500002,0.2552029921115034,0.37423703921842355,0.34636185597323194,0.23629768188093903,-0.6153309198395032,-0.471199791733355
TabICLv2,0.03559249081759572,0.053209492545335295,0.05304903833214283,0.07142750983355646,0.08461487809474662,0.08457393539047223,0.94017487643891,0.9174225561635618,0.9122828287760748
EquipmentRouteMedian_quote_signal,0.14584369562500002,0.24411222437500002,0.23231710062500002,0.2552029921115034,0.37423703921842355,0.34636185597323194,0.23629768188093903,-0.6153309198395032,-0.471199791733355
EquipmentRouteMedian_quote_signal,0.14584369562500002,0.24411222437500002,0.23231710062500002,0.2552029921115034,0.37423703921842355,0.34636185597323194,0.23629768188093903,-0.6153309198395032,-0.471199791733355
TabICLv2,51.818339471988686,81.77221693237306,75.59976372695922,582.8460352160547,596.9269927415096,551.4292099064477,0.846940690630678,0.8377264612902576,0.8607419493518067
TabICLv2,0.03847440230678141,0.05247613034252882,0.05246013128923178,0.07417824916482821,0.08398510734483061,0.08390591572906865,0.9354783088713615,0.9186471948862571,0.9136630501658233
EquipmentRouteMedian_quote_signal,0.14584369562500002,0.24411222437500002,0.23231710062500002,0.2552029921115034,0.37423703921842355,0.34636185597323194,0.23629768188093903,-0.6153309198395032,-0.471199791733355
TabICLv2,51.6771170142746,81.72175698394776,75.48418582611085,582.4506030411522,596.929829568278,551.3493487674639,0.8471483065033905,0.8377249189139943,0.8607822827291903
TabICLv2,0.038474401530058384,0.052476130417034625,0.05246013174371719,0.07417824935775012,0.08398510539159097,0.08390591441231332,0.935478308535747,0.9186471986702975,0.9136630528756354
EquipmentRouteMedian_quote_signal,0.14584369562500002,0.24411222437500002,0.23231710062500002,0.2552029921115034,0.37423703921842355,0.34636185597323194,0.23629768188093903,-0.6153309198395032,-0.471199791733355
TabICLv2,52.30107558479309,81.13422179275513,75.03581936798096,584.8599590476962,596.9866266925148,551.3720954879574,0.8458811231837056,0.8376940369041972,0.8607707952328001
EquipmentRouteMedian_quote_signal,0.14584369562500002,0.24411222437500002,0.23231710062500002,0.2552029921115034,0.37423703921842355,0.34636185597323194,0.23629768188093903,-0.6153309198395032,-0.471199791733355
TabICLv2,51.616252705230714,81.19657166336059,74.9015621635437,583.0161661372024,597.3162449117192,551.6956135283675,0.8468513225292094,0.8375147572704157,0.8606073615936344
EquipmentRouteMedian_quote_signal,0.14584369562500002,0.24411222437500002,0.23231710062500002,0.2552029921115034,0.37423703921842355,0.34636185597323194,0.23629768188093903,-0.6153309198395032,-0.471199791733355
TabICLv2,51.6162540422821,81.19656892059325,74.9015597869873,583.0161692969921,597.316244519384,551.6956137812263,0.8468513208691606,0.8375147574838661,0.8606073614658587
EquipmentRouteMedian_quote_signal,0.14584369562500002,0.24411222437500002,0.23231710062500002,0.2552029921115034,0.37423703921842355,0.34636185597323194,0.23629768188093903,-0.6153309198395032,-0.471199791733355
TabICLv2,51.80656591739654,80.9777140109253,74.82031462371825,583.5119850108596,596.9957927079408,551.4552902440286,0.8465907249755064,0.83768905283817,0.8607287763722351
EquipmentRouteMedian_quote_signal,0.14584369562500002,0.24411222437500002,0.23231710062500002,0.2552029921115034,0.37423703921842355,0.34636185597323194,0.23629768188093903,-0.6153309198395032,-0.471199791733355
TabICLv2,51.806569075965875,80.97771270629883,74.8203128804016,583.5119885866991,596.9957901330805,551.4552896490387,0.8465907230952812,0.8376890542382738,0.8607287766727669
EquipmentRouteMedian_quote_signal,0.14584369562500002,0.24411222437500002,0.23231710062500002,0.2552029921115034,0.37423703921842355,0.34636185597323194,0.23629768188093903,-0.6153309198395032,-0.471199791733355
TabICLv2,52.014250115814214,81.18661726081848,75.18260633033752,584.2089336891286,596.9540746829604,551.3618384914286,0.8462240410133807,0.837711736601246,0.8607759752562314
TabICLv2,0.019570594639973685,0.020232774891707744,0.01999707986921549,0.02455688803933928,0.025378257338504732,0.025097492524470896,0.9785310149872489,0.9772736214779634,0.9781411130504885
TabICLv2,0.03884983097503722,0.052401392973573206,0.05232144890069723,0.0738316993684395,0.08392806783614874,0.08382439704013439,0.936079772182214,0.9187576608584738,0.9138307297860125
EquipmentRouteMedian_quote_signal,0.14584369562500002,0.24411222437500002,0.23231710062500002,0.2552029921115034,0.37423703921842355,0.34636185597323194,0.23629768188093903,-0.6153309198395032,-0.471199791733355
TabICLv2,52.01424923843384,81.18661470497132,75.18260378211976,584.208932177219,596.9540750997486,551.3618397521798,0.8462240418093129,0.8377117363746295,0.8607759746195285
FastAI_TabularLearner,0.01978327275362674,0.019719461622393394,0.02226958144283771,0.02484829580185637,0.024778330927939594,0.027939809678560724,0.9781339581885664,0.9778638875428612,0.97290967197296
CatBoost,0.019747409117953217,0.0202801279296496,0.020056739477976763,0.024767265905150347,0.025441959696445512,0.025184059872290786,0.9781615914672726,0.9771593866148601,0.9779900597681759
TabPFN_3,0.04374197275725245,0.053362792408399584,0.05350883503528118,0.07457100844719589,0.08465446182868815,0.08482162758310553,0.9347932406064978,0.9173452768904192,0.9117682807853245
TabICLv2,0.01957079743266241,0.020232814555472566,0.01999714145697832,0.024557174431675172,0.02537841251638592,0.025097587524538906,0.978530514224399,0.9772733435517054,0.9781409475678471
LightGBM_CUDA,0.01794257156088284,0.02052876051929919,0.020363221255221525,0.02251504490727023,0.025760043990172243,0.025538517840684755,0.981952772728879,0.9765846937252864,0.9773661332606116
FastAI_TabularLearner,0.019776694532059703,0.019737713889127425,0.021879929241211415,0.024871628650574195,0.024937534624521477,0.02764357343988649,0.9780928739556438,0.9775785194537874,0.9734810855281195
FastAI_TabularLearner,0.01969838475504755,0.01958511241877222,0.022095016031553744,0.02476781019653096,0.02471673211088956,0.027771658361829082,0.9782753804731904,0.9779738112859507,0.9732347684415736
CatBoost,0.019730792775692743,0.020283886936185463,0.020061147544049574,0.024751023989887027,0.025449409733098276,0.0251827915562694,0.9781902245251298,0.9771460080604599,0.9779922766352758
TabPFN_3,0.04374197275725245,0.053362792408399584,0.05350883503528118,0.07457100844719589,0.08465446182868815,0.08482162758310553,0.9347932406064978,0.9173452768904192,0.9117682807853245
TabICLv2,0.01957079743266241,0.020232814555472566,0.01999714145697832,0.024557174431675172,0.02537841251638592,0.025097587524538906,0.978530514224399,0.9772733435517054,0.9781409475678471
LightGBM_CUDA,0.017942571558298613,0.020528855943967497,0.02036322125314935,0.02251504490468119,0.02576010569461217,0.02553851783941836,0.9819527727330296,0.9765845815492288,0.9773661332628564
TabICLv2,0.038846253597510455,0.05240265190598726,0.0523221742120266,0.07381948494539686,0.08392927076270483,0.08382529053948778,0.9361009198499027,0.9187553319768466,0.913828892788664
EquipmentRouteMedian_quote_signal,0.14584369562500002,0.24411222437500002,0.23231710062500002,0.2552029921115034,0.37423703921842355,0.34636185597323194,0.23629768188093903,-0.6153309198395032,-0.471199791733355
TabICLv2,52.014641172790526,81.18599246330261,75.18632874526978,584.2045804933168,596.9495488052153,551.3617360892779,0.8462263327084506,0.8377141974071486,0.8607760269712296
